slug,name,url,page,category,secondaryCategories,pricing,priceNote,platform,outputs,multicolor,accountRequired,openSource,verifiedOn,ownedBySite
10-inch-mini-rack-generator,10 Inch Mini Rack Generator,https://makerworld.com/en/models/1765102-10-inch-mini-rack-generator,https://skipthecad.com/generators/10-inch-mini-rack-generator/,storage,mechanical,free,Free; MakerWorld login needed to customize and download,makerworld,STL;3MF,false,true,true,2026-09-26,false
3d-ai-studio,3D AI Studio,https://www.3daistudio.com/,https://skipthecad.com/generators/3d-ai-studio/,ai-3d,,freemium,"Free starter credits for new users, no card needed (the pricing page does not say how many); subscriptions from $19/month; one-time credit packs from $34",web,STL;3MF;OBJ;GLB;FBX;USDZ;PLY,false,true,false,2026-09-26,false
3d-ai-studio-relief-generator,3D AI Studio 3D Relief Generator,https://www.3daistudio.com/Tools/3DReliefGenerator,https://skipthecad.com/generators/3d-ai-studio-relief-generator/,image-relief,gifts,paid,"Each depth map costs 4 credits (Nano Banana 2 or Gemini Edit) or 6 to 12 credits (Nano Banana Pro); new accounts get free credits to generate and preview, but STL/OBJ export needs a paid plan, with subscriptions from $19/month",web,STL;OBJ,false,true,false,2026-09-26,false
3d-keychain-generator,3D Keychain Generator,https://3dkeychain.net/,https://skipthecad.com/generators/3d-keychain-generator/,keychains,codes,free,No prices shown as of September 2026; the site is labeled a public beta and needs a free account,web,STL;3MF,false,true,false,2026-09-25,false
3d-lithophane-com,3D-Lithophane.com,https://www.3d-lithophane.com/,https://skipthecad.com/generators/3d-lithophane-com/,lithophanes,,freemium,Free account: up to 3 lithophane STLs a day; Supporter plan $9.99 a month removes the daily caps and adds an AI model generator,web,STL,false,true,false,2026-09-25,false
3d-map-generator,3D Map Generator,https://3d-map-generator.com/,https://skipthecad.com/generators/3d-map-generator/,maps-terrain,,paid,"Paid per map. Designing in the editor and JPG snapshots are free, but STL export needs a one-time purchase per map: $9.99 Basic (personal use) or $24.99 Pro (commercial and client work), VAT included. A bought map can be edited and exported again later. No subscription.",web,STL;OBJ;GLB,true,true,false,2026-09-26,false
3d-moon-map,3D Moon Map,https://moon.in-the-sky.org/,https://skipthecad.com/generators/3d-moon-map/,maps-terrain,,free,"Free, no account.",web,STL,false,false,false,2026-09-25,false
3d-spool,3D.Spool,https://www.3dspool.ru/,https://skipthecad.com/generators/3d-spool/,customizers,storage;keychains,freemium,"Free without an account, with daily caps in some tools (3 new designs a day as a guest, 5 with a free account); PRO removes caps and ads and unlocks LED letters and silicone molds for 1,000 RUB per 30 days, 4,990 RUB for 6 months or 8,990 RUB a year",web,STL;SVG;3MF;OBJ;GLB,true,false,false,2026-09-26,false
3dcityloader,3DCityLoader,https://3dcityloader.com/en,https://skipthecad.com/generators/3dcityloader/,maps-terrain,,freemium,"Free with no account up to 0.5 km² on the worldwide OpenStreetMap map and 0.1 km² in the official-data regions. Larger areas (up to 5 or 10 km² depending on the region) show a price in euros with a free preview first, and anything bigger is quoted on request. The v2 app used for newer regions needs registration.",web,STL;OBJ,false,false,false,2026-09-26,false
3dcrafts-name-craft,3D Name Craft (3D PrintCraft),https://3dcrafts.ru/namecraft.html,https://skipthecad.com/generators/3dcrafts-name-craft/,signs-text,gifts,free,"Name Craft is free with no account. Cut Craft is the site's only other free generator; the rest need PRO at 99 RUB a week, 299 RUB a month or 1,990 RUB a year, with a 3-day trial after sign-up",web,STL;3MF,true,false,false,2026-09-26,false
3dp-rocks-lithophane,3dp.rocks Image to Lithophane,https://3dp.rocks/lithophane/,https://skipthecad.com/generators/3dp-rocks-lithophane/,lithophanes,,free,"Free, ad-supported",web,STL,false,false,true,2026-09-25,false
3dprint-name,3dprint.name,https://www.3dprint.name/,https://skipthecad.com/generators/3dprint-name/,signs-text,keychains;codes,freemium,"Free plan with unlimited single-color STL export and no account; Pro is £2.99/month for colored 3MF, split STL, custom fonts and images, bulk generation, NFC pockets and lightboxes (also included with 3D Print Land's Commercial Patreon tier)",web,STL;3MF,true,false,false,2026-09-26,false
3dsynth,3dSynth,https://3dsynth.app/,https://skipthecad.com/generators/3dsynth/,vases-lamps,,freemium,"Free web app with no account; Premium is a one-time $39 USD lifetime license sold through Gumroad that removes the two-effect export cap, adds project saving and unlocks the desktop app",web;windows;mac;linux,STL;OBJ;GLB,false,false,false,2026-09-26,false
a-maze-ring,A-Maze-Ring,https://karpatic.github.io/amazering/,https://skipthecad.com/generators/a-maze-ring/,puzzles-games,gifts,free,"Free, no sign-up; the model is built and downloaded in your browser. No paid tier seen",web,STL;3MF,true,false,false,2026-09-26,false
alpaco-electronics-enclosure-generator,alpaco.it Electronics Enclosure Generator,https://alpaco.it/generators/case/,https://skipthecad.com/generators/alpaco-electronics-enclosure-generator/,boxes,,free,"Free with no account; optional Buy Me a Coffee donations, and an optional Google sign-in only saves configurations",web,STL;3MF,false,false,false,2026-09-26,false
alpaco-gear-generator,alpaco.it Gear Generator,https://alpaco.it/generators/gears/,https://skipthecad.com/generators/alpaco-gear-generator/,mechanical,,free,"Free with no account; optional Buy Me a Coffee tips, and a Google sign-in only for saving setups",web,STL;3MF;SVG,false,false,false,2026-09-26,false
alpaco-hose-adapter-generator,alpaco.it Hose Adapter Generator,https://alpaco.it/generators/hose/,https://skipthecad.com/generators/alpaco-hose-adapter-generator/,mechanical,,free,Free with no account; the author asks for optional Buy Me a Coffee tips,web,STL;3MF,false,false,false,2026-09-26,false
alpaco-miniature-base-generator,alpaco.it Miniature Base Generator,https://alpaco.it/generators/bases/,https://skipthecad.com/generators/alpaco-miniature-base-generator/,puzzles-games,,free,"Free with no account. A Buy Me a Coffee prompt appears when you download, with a button to skip it and download for free.",web,STL;3MF,false,false,false,2026-09-26,false
alpaco-tcg-deck-box-generator,alpaco.it TCG Deck Box Generator,https://alpaco.it/generators/deckbox/,https://skipthecad.com/generators/alpaco-tcg-deck-box-generator/,puzzles-games,boxes,free,Free with no account; the site asks for optional Buy Me a Coffee tips,web,STL;3MF,false,false,false,2026-09-26,false
alpha3d,Alpha3D,https://www.alpha3d.io/,https://skipthecad.com/generators/alpha3d/,ai-3d,,paid,"No free tier. Tester €5/month (90 credits, downloads included, High-Res only); Basic €16/month (1,000 credits, adds Smart Topology, low-poly and ultra high-res); Creator is €50/month on the pricing page but €100 in the FAQ; Creator Pro €150/month; 20% off yearly. A print generation costs 24 credits and each STL conversion 12.",web,STL;OBJ;GLB;FBX,false,true,false,2026-09-26,false
ambi-3d-ambigram,Ambi 3D Ambigram Generator,https://ambi3d.com/,https://skipthecad.com/generators/ambi-3d-ambigram/,signs-text,gifts,free,Free with no paid plan seen; the source code is open under the MIT or Apache 2.0 license,web,STL,false,false,true,2026-09-26,false
ambigram-generator,Ambigram Generator,https://makerworld.com/en/models/489660-ambigram-generator-fully-customizable-v2-2,https://skipthecad.com/generators/ambigram-generator/,signs-text,gifts,free,Free on MakerWorld under a MakerWorld Exclusive License,makerworld,3MF;STL,false,true,false,2026-09-25,false
any-box-generator,Any Box Generator,https://makerworld.com/en/models/2153487-any-box-generator,https://skipthecad.com/generators/any-box-generator/,boxes,storage,free,Free; MakerWorld login needed. Selling the boxes needs a commercial license from the designer,makerworld,STL;3MF,false,true,false,2026-09-26,false
anycubic-anylab-case-maker,Anycubic AnyLab Mobile Case Maker,https://www.makeronline.com/en/AnyLab,https://skipthecad.com/generators/anycubic-anylab-case-maker/,boxes,gifts,free,"Free, no prices shown. Saving a design and the Create From Blank button on the AnyLab page need a free Anycubic account; the direct designer link opens the editor and its Download button without one",web,OBJ,true,false,false,2026-09-26,false
articulated-finger-extensions,[FLAT] Articulated Finger Extensions,https://makerworld.com/en/models/3114173-flat-articulated-finger-extensions,https://skipthecad.com/generators/articulated-finger-extensions/,mechanical,puzzles-games,free,Free; MakerWorld login needed,makerworld,STL;3MF,false,true,false,2026-09-26,false
autodesk-wonder-3d,Autodesk Wonder 3D (Flow Studio),https://flowstudio.autodesk.com/,https://skipthecad.com/generators/autodesk-wonder-3d/,ai-3d,,freemium,"Free tier available; paid Lite, Standard, Pro and Enterprise tiers allow more generations at once (1 on Free, up to 20 on Enterprise). Autodesk priced each Wonder 3D generation at 20 credits on every plan at the March 2026 launch; Flow Studio's August 2026 release notes add pricing per model and configuration, so the cost may differ. Autodesk cut Lite to $10 in August 2025. The pricing page blocks automated access, so prices and credit allowances could not be confirmed at our September 2026 check.",web,STL;OBJ;GLB,false,true,false,2026-09-26,false
autoforge,AutoForge,https://github.com/hvoss-tech/AutoForge,https://skipthecad.com/generators/autoforge/,image-relief,lithophanes,free,Free. The software is CC BY-NC-SA 4.0; prints you make are covered by the MIT license.,web;windows;mac;linux,STL;PNG,true,false,false,2026-09-28,false
bakepress,BakePress,https://www.bakepress.com/,https://skipthecad.com/generators/bakepress/,cookie-cutters,,freemium,"Free Starter plan with unlimited Cutter and Imprint Cutter STL exports and 75 credits a month; Spark $8.99/month ($79/year) and Pro $15.99/month ($140/year) add stamp and texture roller exports, matched sets, multi-size and batch jobs and 3MF plates (in beta as of September 2026); 14-day paid trials need a card",web,STL;3MF,false,true,false,2026-09-26,false
basecrafter,BaseCrafter,https://basecrafter.com/,https://skipthecad.com/generators/basecrafter/,puzzles-games,,paid,"Designing and 3D preview are free. Each STL export costs 2, 3 or 5 credits depending on base size (2 for 25 and 32 mm rounds and 60x35 ovals, 3 for 40 to 60 mm rounds and 75x42 ovals, 5 for 80 mm rounds and 90x52 ovals and up). Credit packs are 10 for $5, 30 for $12 and 80 for $25 (USD, tax added at checkout). New accounts get 6 free credits, and the newsletter sign-up offers 10 more.",web,STL,false,true,false,2026-09-26,false
beadrelief,BeadRelief,https://pgp00.github.io/beadrelief/,https://skipthecad.com/generators/beadrelief/,image-relief,keychains;gifts,free,Free and open source (MIT) with no account; no paid plan or donation link seen.,web,3MF;PNG,true,false,true,2026-09-26,false
bekuto-3d,Bekuto 3D,https://bekuto3d.ayaka.io/,https://skipthecad.com/generators/bekuto-3d/,image-relief,signs-text,free,Free with no account; the developer accepts optional support through GitHub Sponsors.,web,STL;3MF,true,false,true,2026-09-26,false
bento3d,Bento3D,https://bento3d.design/,https://skipthecad.com/generators/bento3d/,boxes,storage,freemium,"Partition tray, Box and Wall Tray are free. Box (No Hardware) and Slide Box are one-time unlocks at $8 each; Folding Box, Folding Tray and Gridfinity PRO (more than three bins per export) are $10 each. The site has offered early-bird discounts on these unlocks. Buying needs a Google sign-in, and the terms say all purchases are final.",web,STL;3MF,false,false,false,2026-09-26,false
bgsd-board-game-storage-designer,Board Game Solutions Designer (BGSD),https://github.com/dppdppd/BGSD,https://skipthecad.com/generators/bgsd-board-game-storage-designer/,puzzles-games,boxes,free,Free (CC BY-NC-SA 4.0).,windows;mac;linux,STL,false,false,false,2026-09-26,false
binforge,Binforge,https://binforge.app/,https://skipthecad.com/generators/binforge/,storage,,free,Free with no account or feature limits; the developer accepts optional tips on Ko-fi,web,STL;3MF,false,false,false,2026-09-26,false
biome-generator,Biome Generator,https://biomegenerator.com/,https://skipthecad.com/generators/biome-generator/,puzzles-games,,free,"Free, no account. No paid plan, credits or payment code seen on the site, in the app code or in the GitHub repository.",web,STL;3MF,true,false,true,2026-09-26,false
braille-cylinder-stl-generator,Custom Braille STL Generator,https://braille-cylinder-stl-generator.vercel.app/,https://skipthecad.com/generators/braille-cylinder-stl-generator/,signs-text,,free,"Free, with no account, price or paid plan seen. The source code is public on GitHub under the PolyForm Noncommercial license.",web,STL,false,false,false,2026-09-26,false
braille-playing-cards,Playing Cards (Poker) in Braille,https://makerworld.com/en/models/1877707-playing-cards-poker-in-braille,https://skipthecad.com/generators/braille-playing-cards/,puzzles-games,signs-text,free,"Free on MakerWorld; login needed to customize or download. CC BY-NC-SA license, with the OpenSCAD source attached",makerworld,STL;3MF,true,true,false,2026-09-26,false
braillegen,BrailleGen,https://braillegen.org/,https://skipthecad.com/generators/braillegen/,signs-text,,free,"Free, no paid tier seen",web,STL,false,false,true,2026-09-25,false
brick-your-name,Brick Your Name,https://makerworld.com/en/models/492674-brick-your-name-customize-on-makerworld,https://skipthecad.com/generators/brick-your-name/,puzzles-games,signs-text;gifts,free,Free to customize and download on MakerWorld; downloading needs a free MakerWorld account,makerworld,3MF;STL,false,true,false,2026-09-26,false
buildyour3d,BuildYour3D,https://www.buildyour3d.com/en,https://skipthecad.com/generators/buildyour3d/,customizers,mechanical;boxes,paid,"Configuring and the preview are free. Each STL costs 1.49 to 7.49 EUR depending on the model (most are 3.49 or 4.49 EUR), paid once with an email address and no account. Printed parts are quoted separately, with a 10 EUR minimum order for physical prints.",web,STL,false,false,false,2026-09-26,false
bumpmesh,BumpMesh by CNC Kitchen,https://bumpmesh.com/,https://skipthecad.com/generators/bumpmesh/,image-relief,,free,"Free to use, including commercial work; optional tips via PayPal or Ko-fi",web,STL;3MF,false,false,true,2026-09-26,false
business-cads,Business CADs (Pirillo Arcade),https://arcade.pirillo.com/business-cads.html,https://skipthecad.com/generators/business-cads/,signs-text,codes,free,"Free, no sign-up; the page links to optional PayPal donations and a Patreon",web,STL;3MF,true,false,false,2026-09-26,false
button-generator,Button Generator (WardCons),https://makerworld.com/en/models/957807-button-generator,https://skipthecad.com/generators/button-generator/,mechanical,,free,Free; MakerWorld login needed to customize and download,makerworld,3MF,false,true,true,2026-09-26,false
cable-grommet-wall-pass-through,Cable Grommet Wall Pass-Through Cover (parametric),https://makerworld.com/en/models/2783379-cable-grommet-wall-pass-through-cover-parametric,https://skipthecad.com/generators/cable-grommet-wall-pass-through/,mechanical,,free,Free; MakerWorld login needed to customize and download,makerworld,3MF;STL,false,true,false,2026-09-26,false
cable-raceway-channel-generator,Cable Raceway Cover & Channel System (Parametric),https://makerworld.com/en/models/1798646-cable-raceway-cover-channel-system-parametric,https://skipthecad.com/generators/cable-raceway-channel-generator/,storage,mechanical,free,Free; MakerWorld login needed,makerworld,3MF,false,true,false,2026-09-26,false
cadam,CADAM,https://adam.new/cadam,https://skipthecad.com/generators/cadam/,ai-3d,mechanical,freemium,"Free plan with a small daily credit allowance. Paid usage runs through your Adam account: Pro is $40 a month with a 7-day free trial and Max is $200 a month, and extra token packs are sold in the app.",web,STL;OBJ;GLB;FBX,false,true,true,2026-09-26,false
cake-topper-generator,Cake Topper Generator (CCC),https://makerworld.com/en/models/516554-cake-topper-generator,https://skipthecad.com/generators/cake-topper-generator/,gifts,signs-text,free,Free on MakerWorld; the Customize button asks you to log in or sign up first,makerworld,STL;3MF,true,true,false,2026-09-26,false
calcplot3d,CalcPlot3D,https://c3d.libretexts.org/CalcPlot3D/index.html,https://skipthecad.com/generators/calcplot3d/,puzzles-games,,free,Free to use on the official site with no sign-up; running it on your own website needs a hosting license from the author,web,STL,false,false,false,2026-09-26,false
car-plate-keychain-creator,Car Plate Keychain Creator [OpenSCAD],https://makerworld.com/en/models/477243-car-plate-keychain-creator-openscad,https://skipthecad.com/generators/car-plate-keychain-creator/,keychains,gifts,free,Free to customize and download with a MakerWorld account; selling prints needs the designer's paid membership (no price shown on the model page),makerworld,STL;3MF,true,true,false,2026-09-26,false
cartterra,CartTerra,https://cartterra.com/,https://skipthecad.com/generators/cartterra/,maps-terrain,,freemium,"Free preview STL (up to 100 ft per pixel); full resolution model a flat $4.99, with your choice of STL, 3MF and GLB.",web,STL;3MF;GLB,false,false,false,2026-09-25,false
chainmail-customizable-tool,Chainmail - Customizable Tool,https://makerworld.com/en/models/1303278-chainmail-customizable-tool,https://skipthecad.com/generators/chainmail-customizable-tool/,mechanical,,free,"Free with a MakerWorld login. Standard Digital File License, so selling the files or prints is not allowed without the designer's permission",makerworld,STL;3MF,false,true,false,2026-09-26,false
christmas-tree-family-names,Customizable Christmas Tree Family Names,https://makerworld.com/en/models/2049449-customizable-christmass-tree-family-names,https://skipthecad.com/generators/christmas-tree-family-names/,gifts,,free,Free to customize and download on MakerWorld,makerworld,STL;3MF,true,true,false,2026-09-25,false
city3dprint,City3DPrint,https://city3dprint.com/,https://skipthecad.com/generators/city3dprint/,maps-terrain,,paid,"Free 3D preview; files cost $14.99 or 9.99 EUR per model (from the site's pricing feed), with collection discounts.",web,STL;3MF;OBJ,true,false,false,2026-09-25,false
clipmate-custom-cable-name-tag,ClipMate - Custom Cable Name Tag,https://makerworld.com/en/models/1579920-clipmate-custom-cable-name-tag,https://skipthecad.com/generators/clipmate-custom-cable-name-tag/,keychains,signs-text;storage,free,"Free with a MakerWorld login under a Standard Digital File License; selling prints needs the designer's paid MakerWorld membership, whose price is not shown to logged-out visitors",makerworld,3MF;STL,true,true,false,2026-09-26,false
cnc-kitchen-gridfinity-label-generator,CNC Kitchen Gridfinity Label Generator,https://cnckitchen.github.io/gridfinityLabelGenerator/,https://skipthecad.com/generators/cnc-kitchen-gridfinity-label-generator/,storage,signs-text,free,"Free, no account",web,STL,true,false,true,2026-09-25,false
codestostl,CodesToSTL,https://codestostl.com/,https://skipthecad.com/generators/codestostl/,codes,keychains,free,"Free, non-profit tool; generated designs may not be sold",web,STL,false,false,false,2026-09-25,false
collapsible-box-generator,Collapsible Box - Custom Size Generator,https://makerworld.com/en/models/1565430-collapsible-box-custom-size-generator,https://skipthecad.com/generators/collapsible-box-generator/,boxes,,free,Free; MakerWorld login needed,makerworld,STL;3MF,false,true,false,2026-09-25,false
colorstack,ColorStack,https://www.colorstack.app/,https://skipthecad.com/generators/colorstack/,image-relief,,freemium,"Free tier with STL export, up to 8 color layers and daily limits; Pro subscription for 3MF export and unlimited layers (price shown at checkout)",web,STL;3MF,true,false,false,2026-09-25,false
commander-case-mtg-deckbox,Commander Case - Parametric MTG Commander Deckbox,https://makerworld.com/en/models/1949365-commander-case-parametric-mtg-commander-deckbox,https://skipthecad.com/generators/commander-case-mtg-deckbox/,puzzles-games,boxes,free,Free to customize and download with a MakerWorld account. The Standard Digital File License rules out selling prints; the designer sells a commercial license on Ko-fi for $12/month,makerworld,3MF;STL,false,true,false,2026-09-26,false
containercad,Container CAD,https://containercad.com/,https://skipthecad.com/generators/containercad/,storage,boxes,free,"Free as of September 2026, including all STL downloads; the site says it might charge in the future",web,STL,false,false,false,2026-09-26,false
cookie-design-lab,Cookie Design Lab,https://www.cookiedesignlab.com/,https://skipthecad.com/generators/cookie-design-lab/,cookie-cutters,,paid,Free sign-up to try; unlimited downloads with a $5 7-day pass or $100 per year,web,STL,false,true,false,2026-09-25,false
cookiecad,CookieCAD,https://cookiecad.com/,https://skipthecad.com/generators/cookiecad/,cookie-cutters,,freemium,Free upload and preview; STL downloads free with a free account; optional Premium at $14.99 a month or $150 a year,web,STL;OBJ;3MF,false,true,false,2026-09-25,false
cookiecutter-creator,CookieCutter Creator,https://www.cookiecuttercreator.com/,https://skipthecad.com/generators/cookiecutter-creator/,cookie-cutters,,paid,"Pay per download with credits: 3 for $2.99, 10 for $8.99, 20 for $15.99; custom design service from $5",web,STL,false,true,false,2026-09-25,false
cosmos-keyboards,Cosmos Keyboards,https://ryanis.cool/cosmos/,https://skipthecad.com/generators/cosmos-keyboards/,mechanical,,freemium,"Designing and downloading STL, STEP and GLB files is free with no account. PRO costs $10 USD, paid once (through Stripe after verifying your email, or by sponsoring the developer on GitHub), and unlocks rounded edges, wrist rests and other extras marked PRO such as the Stilts case mode",web,STL;STEP;GLB,false,false,true,2026-09-26,false
creality-cloud-lithophane-maker,Creality Cloud Lithophane Maker,https://www.crealitycloud.com/lithophane,https://skipthecad.com/generators/creality-cloud-lithophane-maker/,lithophanes,gifts,free,Free to generate and download; you only need a free Creality account.,web;ios;android,STL,false,true,false,2026-09-26,false
creality-makenow,Creality MakeNow AI Tools,https://www.crealitycloud.com/makenow/ModelingTools/Home,https://skipthecad.com/generators/creality-makenow/,customizers,ai-3d;gifts,freemium,"Free Creality account needed. AI steps use limited attempts: CubeMe attempts are redeemed from packs in the Creality Cloud points shop, and paid plans add MakeNow Times. Plus is $79.99/year or $7.99/month with 30 MakeNow Times a month; Commercial is $159.99/year or $26.99/month with 60 a month plus unlimited Flexi Toy AI projects.",web,STL;3MF;GLB,true,true,false,2026-09-26,false
cross-stitch-grid-parametric,Cross Stitch Grid - Parametric,https://makerworld.com/en/models/2818971-cross-stitch-grid-parametric,https://skipthecad.com/generators/cross-stitch-grid-parametric/,gifts,,free,"Free with a MakerWorld login; Standard Digital File License, so no sharing or selling the files or prints",makerworld,STL;3MF,false,true,false,2026-09-26,false
crystal-maker,Crystal Maker,https://alexsmotivationspike.com/crystal-maker/,https://skipthecad.com/generators/crystal-maker/,gifts,,free,"Free, no account needed; the app shows an optional PayPal donation button",web,STL,false,false,false,2026-09-26,false
custom-coins-tokens-generator,Custom Coins / Tokens Generator,https://makerworld.com/en/models/1000379-custom-coins-tokens-generator,https://skipthecad.com/generators/custom-coins-tokens-generator/,puzzles-games,,free,Free. You need a MakerWorld account to open the customizer and download the file.,makerworld,3MF;STL,false,true,false,2026-09-26,false
custom-led-name-light-box,Custom LED Name Light Box (MakerSky),https://makerworld.com/en/models/3241913-custom-led-name-light-box-parametric-ams-ready,https://skipthecad.com/generators/custom-led-name-light-box/,vases-lamps,signs-text;gifts,free,Free to customize and download on MakerWorld under the MakerWorld Exclusive License; LEDs and any controller are bought separately,makerworld,3MF;STL,true,true,false,2026-09-26,false
custom-letter-bead-generator,Custom Letter Bead Generator,https://makerworld.com/en/models/2705203-custom-letter-bead-generator,https://skipthecad.com/generators/custom-letter-bead-generator/,gifts,keychains,free,"Free for personal use with a MakerWorld login; the Standard Digital File License does not allow selling prints, and the designer offers a commercial license through a MakerWorld membership",makerworld,3MF;STL,true,true,false,2026-09-26,false
custom-luggage-tag-with-text-emoji,Custom Luggage Tag with Text & Emoji,https://makerworld.com/en/models/1446187-custom-luggage-tag-with-text-emoji,https://skipthecad.com/generators/custom-luggage-tag-with-text-emoji/,keychains,signs-text,free,Free; a MakerWorld login is needed to customize and download. The CC BY license allows selling prints if you credit the designer,makerworld,STL;3MF,true,true,true,2026-09-26,false
custom-measuring-cup-generator,Measuring Cup / Spoon (Matthew Ghost),https://makerworld.com/en/models/504520-measuring-cup-spoon-measuring-tool-teaspoon,https://skipthecad.com/generators/custom-measuring-cup-generator/,mechanical,cookie-cutters,free,"Free on MakerWorld with a login; Standard Digital File License, so no selling prints or sharing the files",makerworld,3MF;STL,true,true,false,2026-09-26,false
custom-minecraft-name-plate,Custom Minecraft Name Plate,https://makerworld.com/en/models/1969808-custom-minecraft-name-plate,https://skipthecad.com/generators/custom-minecraft-name-plate/,signs-text,gifts,free,"Free; a MakerWorld login is needed to customize. Standard Digital File License, so selling prints or files is not allowed without the designer's permission",makerworld,3MF,true,true,false,2026-09-26,false
custom-multicolour-name-keyring,Custom Multicolour Name Keyring (Hayden Kong),https://makerworld.com/en/models/1122800-custom-multicolour-name-keyring,https://skipthecad.com/generators/custom-multicolour-name-keyring/,keychains,gifts,free,Free for personal use with a MakerWorld login; selling prints needs the commercial license the designer sells through his MakerWorld membership,makerworld,3MF,true,true,false,2026-09-26,false
custom-name-keychain-generator-multilingual,Custom Name Keychain Generator (Multilingual Fonts),https://makerworld.com/en/models/3049453-custom-name-keychain-generator-multilingual-fonts,https://skipthecad.com/generators/custom-name-keychain-generator-multilingual/,keychains,,free,Free for personal use (Standard Digital File License); the designer's membership includes a commercial license,makerworld,3MF;STL,true,true,false,2026-09-25,false
custom-polaroid-magnet-generator,Custom Polaroid Magnet Generator,https://makerworld.com/en/models/576980-custom-polaroid-magnet-generator,https://skipthecad.com/generators/custom-polaroid-magnet-generator/,gifts,,free,Free to customize and download on MakerWorld,makerworld,STL;3MF,false,true,false,2026-09-25,false
custom-qr-code-luggage-bag-tag,Custom QR Code Luggage / Bag Tag,https://makerworld.com/en/models/710726-custom-qr-code-luggage-bag-tag,https://skipthecad.com/generators/custom-qr-code-luggage-bag-tag/,codes,keychains,free,Free on MakerWorld with a login; the designer offers a paid membership for a commercial license,makerworld,3MF;STL,true,true,false,2026-09-26,false
customisable-propeller-generator,Customisable Propeller Generator,https://makerworld.com/en/models/480652-customisable-propeller-generator,https://skipthecad.com/generators/customisable-propeller-generator/,mechanical,,free,Free; MakerWorld login needed to customize and download,makerworld,STL;3MF,false,true,false,2026-09-26,false
customizable-box-with-slide-lid,Customizable Box with Slide Lid,https://makerworld.com/en/models/1613400-customizable-box-with-slide-lid-parametric-box,https://skipthecad.com/generators/customizable-box-with-slide-lid/,boxes,storage,free,Free; MakerWorld login needed,makerworld,STL;3MF,false,true,false,2026-09-25,false
customizable-foldable-box,Customizable Foldable Box,https://makerworld.com/en/models/2160924-customizable-foldable-box,https://skipthecad.com/generators/customizable-foldable-box/,boxes,,free,Free; MakerWorld login needed. The designer sells commercial-use memberships from $3/month,makerworld,3MF,false,true,false,2026-09-26,false
customizable-guitar-pick,Customizable Guitar Pick,https://makerworld.com/en/models/1185748-customizable-guitar-pick,https://skipthecad.com/generators/customizable-guitar-pick/,gifts,,free,"Free to customize and download with a MakerWorld account. Licensed CC BY-NC-ND, so prints are for personal use and gifts, not for sale",makerworld,3MF;STL,true,true,false,2026-09-26,false
customizable-keycaps,Customizable Keycaps (AEKI),https://makerworld.com/en/models/1385177-customizable-keycaps,https://skipthecad.com/generators/customizable-keycaps/,mechanical,gifts,free,"Free with a MakerWorld login, for personal use only; the designer sells a commercial license through a $5 a month Patreon tier",makerworld,3MF;STL,true,true,false,2026-09-26,false
customizable-letter-beads,Customizable Letter Beads (OGG3D),https://makerworld.com/en/models/2587491-customizable-letter-beads-letter-beads,https://skipthecad.com/generators/customizable-letter-beads/,gifts,keychains,free,Free for personal use with a MakerWorld login; the Standard Digital File License does not allow selling prints or charging money for them without the designer's permission,makerworld,3MF;STL,true,true,false,2026-09-26,false
customizable-letter-puzzle,Customizable Letter Puzzle,https://makerworld.com/en/models/2062425-customizable-letter-puzzle-type-any-name,https://skipthecad.com/generators/customizable-letter-puzzle/,puzzles-games,gifts;signs-text,free,Free; a MakerWorld account is needed to open the customizer and download,makerworld,3MF,true,true,false,2026-09-26,false
customizable-modular-weekly-planner,Customizable Modular Weekly Planner / Timetable,https://makerworld.com/en/models/2693649-customizable-modular-weekly-planner-timetable,https://skipthecad.com/generators/customizable-modular-weekly-planner/,signs-text,gifts,free,Free for personal use; MakerWorld login needed to customize and download,makerworld,STL;3MF,true,true,false,2026-09-26,false
customizable-name-sign-generator,Customizable Name Sign Generator,https://makerworld.com/en/models/2651953-customizable-name-sign-generator,https://skipthecad.com/generators/customizable-name-sign-generator/,signs-text,gifts,free,Free on MakerWorld under a MakerWorld Exclusive License,makerworld,3MF;STL,true,true,false,2026-09-25,false
customizable-parametric-lithophane-text,Customizable Parametric Lithophane Text,https://makerworld.com/en/models/1825405-customizable-parametric-lithophane-text,https://skipthecad.com/generators/customizable-parametric-lithophane-text/,signs-text,gifts,free,Free; a MakerWorld account is needed to customize and download,makerworld,3MF;STL,true,true,false,2026-09-26,false
customizable-qr-code-sign-nfc,Customizable QR Code Sign (NFC & Frame Optional),https://makerworld.com/en/models/2401859-customizable-qr-code-sign-nfc-frame-optional,https://skipthecad.com/generators/customizable-qr-code-sign-nfc/,codes,,free,Free model on MakerWorld (Standard Digital File License); the designer sells a commercial license membership,makerworld,3MF;STL,true,true,false,2026-09-25,false
customizable-qr-code-with-stand,Customizable QR Code with Stand,https://makerworld.com/en/models/2876996-customizable-qr-code-with-stand,https://skipthecad.com/generators/customizable-qr-code-with-stand/,codes,signs-text,free,"Free; MakerWorld login needed to download. The MakerWorld Exclusive License bans commercial use, and the designer offers a paid membership for selling prints",makerworld,3MF;STL,true,true,false,2026-09-26,false
customizable-ring-fidget-spinner,Customizable Ring Fidget Spinner (Fletch),https://makerworld.com/en/models/2165448-customizable-ring-fidget-spinner,https://skipthecad.com/generators/customizable-ring-fidget-spinner/,puzzles-games,gifts,free,Free to customize and download on MakerWorld; a MakerWorld login is needed,makerworld,STL;3MF,true,true,false,2026-09-26,false
customizable-servo-horn,Customizable Servo Horn,https://makerworld.com/en/models/777516-customizable-servo-horn,https://skipthecad.com/generators/customizable-servo-horn/,mechanical,,free,Free; MakerWorld login needed to customize and download,makerworld,STL;3MF,false,true,false,2026-09-26,false
customizable-snap-lock-box,Customizable Snap-Lock Box,https://makerworld.com/en/models/1766347-customizable-snap-lock-box-parametric,https://skipthecad.com/generators/customizable-snap-lock-box/,boxes,,free,Free; MakerWorld login needed,makerworld,STL;3MF,false,true,false,2026-09-25,false
customizable-spotify-keychain-tag,Customizable Spotify Keychain / Tag,https://makerworld.com/en/models/1660269-customizable-spotify-keychain-tag,https://skipthecad.com/generators/customizable-spotify-keychain-tag/,codes,keychains;gifts,free,Free model on MakerWorld; the designer offers a paid commercial license membership,makerworld,3MF;STL,false,true,false,2026-09-26,false
customizable-spray-stencil-text-box,Customizable Spray Stencil Text Box,https://makerworld.com/en/models/2220328-customizable-spray-stencil-text-box,https://skipthecad.com/generators/customizable-spray-stencil-text-box/,signs-text,,free,Free on MakerWorld under a MakerWorld Exclusive License,makerworld,3MF;STL,false,true,false,2026-09-25,false
customizable-text-stamp-yumi-raven,Customizable Text Stamp (Yumi_Raven),https://makerworld.com/en/models/3015256-customizable-text-stamp-clay-soap-leather-ink,https://skipthecad.com/generators/customizable-text-stamp-yumi-raven/,cookie-cutters,,free,Free to customize and download on MakerWorld,makerworld,STL;3MF,false,true,false,2026-09-25,false
cutclay,CutClay,https://cutclay.com/,https://skipthecad.com/generators/cutclay/,cookie-cutters,,freemium,"Free plan: 10 exports in total, personal use only, cutclay.com name tab on the cutter. Pro $49/year or Lifetime $199 one-time for unlimited exports without the tab, a commercial license and SVG/DXF/image import. All sales are final",web,STL;3MF,false,true,false,2026-09-26,false
cutterforge,CutterForge,https://cutterforge.com/,https://skipthecad.com/generators/cutterforge/,cookie-cutters,,freemium,"Editor, text cutters and STL downloads free with an account; AI credit packs from 4.99 EUR for 10, or Hobby plan 14.99 EUR/month",web,STL,false,true,false,2026-09-25,false
d-shaft-knob-generator,D Shaft Knob Generator,https://makerworld.com/en/models/1142338-d-shaft-knob-generator,https://skipthecad.com/generators/d-shaft-knob-generator/,mechanical,,free,Free; MakerWorld login needed,makerworld,STL;3MF,false,true,false,2026-09-25,false
deck-in-a-box,Deck in a Box,https://deckinabox.sgenoud.com/,https://skipthecad.com/generators/deck-in-a-box/,puzzles-games,boxes,free,"Free; donations via Ko-fi, Patreon or GitHub Sponsors.",web,STL;STEP,false,false,false,2026-09-25,false
designer-bee-box-generator,Designer Bee Box Generator,https://designerbee.build/,https://skipthecad.com/generators/designer-bee-box-generator/,boxes,gifts,free,"Free, no signup; commercial use allowed",web,STL,false,false,false,2026-09-25,false
designer-bee-clock-hands-generator,Designer Bee Clock Hands Generator,https://designerbee.build/tools/hands,https://skipthecad.com/generators/designer-bee-clock-hands-generator/,mechanical,,free,"Free, no account; the site FAQ says what you make is yours to sell",web,STL;SVG,false,false,false,2026-09-26,false
designer-bee-keychain-designer,Designer Bee 3D Keychain Designer,https://designerbee.build/tools/keychain-3d,https://skipthecad.com/generators/designer-bee-keychain-designer/,keychains,gifts,free,"Free, no signup; the site FAQ says the things you make are yours to sell",web,STL,false,false,false,2026-09-26,false
designer-bee-lithophane-generator,Designer Bee Lithophane Generator,https://designerbee.build/tools/lithophane,https://skipthecad.com/generators/designer-bee-lithophane-generator/,lithophanes,gifts;vases-lamps,free,"Free, no signup; the FAQ says you may use and sell what you make",web,STL,false,false,false,2026-09-26,false
designer-bee-text-flip-generator,Designer Bee Text Flip Generator,https://designerbee.build/,https://skipthecad.com/generators/designer-bee-text-flip-generator/,signs-text,gifts,free,"Free, no signup; the site FAQ says the things you make are yours to sell",web,STL,false,false,false,2026-09-26,false
dicegen,DiceGen,https://dicegen.com/,https://skipthecad.com/generators/dicegen/,puzzles-games,,free,Free; optional Patreon support from 1 EUR/month.,web,STL,false,false,false,2026-09-25,false
dicemaker,DiceMaker,https://ankhe.itch.io/dicemaker,https://skipthecad.com/generators/dicemaker/,puzzles-games,,free,Free download on itch.io.,windows;linux,STL,false,false,false,2026-09-25,false
dicething,DiceThing,https://dicething.org,https://skipthecad.com/generators/dicething/,puzzles-games,,free,Free and open source (MIT).,web,3MF,false,false,true,2026-09-28,false
dnd-dice-miniature-box,DnD Dice and Miniature Box (Print in Place),https://makerworld.com/en/models/1077569-dnd-dice-and-miniature-box-print-in-place-d-d,https://skipthecad.com/generators/dnd-dice-miniature-box/,boxes,puzzles-games,free,Free; MakerWorld login needed to customize and download,makerworld,STL;3MF,true,true,false,2026-09-26,false
dog-tag-customizable,Dog tag Customizable,https://makerworld.com/en/models/477131-dog-tag-customizable,https://skipthecad.com/generators/dog-tag-customizable/,keychains,,free,Free on MakerWorld with a login; the designer offers paid membership tiers for anyone who wants to sell the prints,makerworld,STL;3MF,false,true,false,2026-09-26,false
drywall-anchor-with-opening-wings,Drywall Anchor with Opening Wings,https://makerworld.com/en/models/2440925-drywall-anchor-with-opening-wings,https://skipthecad.com/generators/drywall-anchor-with-opening-wings/,mechanical,,free,Free; MakerWorld login needed to customize and download,makerworld,3MF,false,true,false,2026-09-26,false
dual-text-illusion-v2,Dual Text Illusion v2.0,https://makerworld.com/en/models/1993322-dual-text-illusion-v2-0,https://skipthecad.com/generators/dual-text-illusion-v2/,signs-text,gifts,free,"Free with a MakerWorld login. Standard Digital File License, so no selling prints; the designer offers commercial rights through a paid membership",makerworld,STL;3MF,false,true,false,2026-09-26,false
duplicate-your-keys,Duplicate Your Keys,https://makerworld.com/en/models/490500-duplicate-your-keys,https://skipthecad.com/generators/duplicate-your-keys/,mechanical,,free,Free; a MakerWorld login is needed to customize and download,makerworld,STL;3MF,false,true,false,2026-09-26,false
easy-peasy-drawer-dividers,Easy-Peasy Customizable Drawer Dividers v2,https://makerworld.com/en/models/1319616-easy-peasy-customizable-drawer-dividers-v2,https://skipthecad.com/generators/easy-peasy-drawer-dividers/,storage,,free,"Free with a MakerWorld account; Standard Digital File License, so no selling prints or sharing the files",makerworld,STL;3MF,false,true,false,2026-09-26,false
ebdesign-wall-plug-generator,Wall Plug Generator (EBdesign),https://makerworld.com/en/models/2384864-wall-plug-generator,https://skipthecad.com/generators/ebdesign-wall-plug-generator/,mechanical,,free,Free; MakerWorld login needed to customize and download. Selling prints needs the designer's paid Commercial Membership,makerworld,3MF;STL,false,true,false,2026-09-26,false
eldritch-foundry,Eldritch Foundry,https://eldritch-foundry.com/,https://skipthecad.com/generators/eldritch-foundry/,puzzles-games,gifts,paid,"Designing is free, downloads are paid. The homepage lists a single STL from $5; the default character was priced at $7.50 in the creator when checked. Eldritch Unlimited costs $15 a month, $39 a quarter, $120 a year or $499 once for unlimited STL and 3MF downloads (personal use only). A $550 yearly Merchant License allows selling prints. Printed minis (from $25) were paused as of September 2026.",web,STL;3MF,true,false,false,2026-09-26,false
electronics-panel-generator,Parametric Electronics Panel Generator,https://makerworld.com/en/models/3082544-parametric-electronics-panel-generator-openscad,https://skipthecad.com/generators/electronics-panel-generator/,mechanical,boxes,free,Free; MakerWorld login needed,makerworld,STL;3MF,false,true,false,2026-09-25,false
embossify,Embossify,https://www.embossify.com/,https://skipthecad.com/generators/embossify/,image-relief,,freemium,Free low-resolution renders; high-resolution render $5 each via PayPal,web,STL,false,false,false,2026-09-25,false
end-plug-generator,End Plug Generator (WardCons),https://makerworld.com/en/models/1129382-end-plug-generator,https://skipthecad.com/generators/end-plug-generator/,mechanical,,free,Free; MakerWorld login needed,makerworld,3MF,false,true,true,2026-09-26,false
eu-license-plate-generator,EU License Plate Generator - Custom Text,https://makerworld.com/en/models/2285748-eu-license-plate-generator-custom-text,https://skipthecad.com/generators/eu-license-plate-generator/,signs-text,gifts,free,Free to customize and download on MakerWorld under a MakerWorld Exclusive License,makerworld,STL;3MF,true,true,false,2026-09-26,false
eurorack-panel-designer,Eurorack Panel Designer,https://www.eurorackpanel.com/,https://skipthecad.com/generators/eurorack-panel-designer/,mechanical,boxes,free,"Free and open source, no account. Separately, the developer sells printed 3U panels through an Etsy listing, which the project README prices at 9 EUR plus 1 EUR per HP",web,STL;SVG;PNG,false,false,true,2026-09-26,false
evolvent-gear-stl-generator,Evolvent Design 3D Gear Generator,https://evolventdesign.com/,https://skipthecad.com/generators/evolvent-gear-stl-generator/,mechanical,,freemium,Design and SVG/DXF export free; STL download needs a code from the Patreon 'Helical Gear' tier ($6 a month) or higher,web,STL;SVG,false,true,false,2026-09-25,false
extrabold-gridfinity-baseplate-generator,Extrabold Gridfinity Baseplate Generator,https://www.extrabold.tools/,https://skipthecad.com/generators/extrabold-gridfinity-baseplate-generator/,storage,,free,Free; optional Buy Me a Coffee support,web,STL;3MF,false,false,false,2026-09-25,false
faraday-enclosure-generator,Faraday Enclosure Generator,https://faraday.d3frag.net/,https://skipthecad.com/generators/faraday-enclosure-generator/,boxes,,free,"Free with no account; everything runs in the browser, and the code can also be self-hosted with Docker. No paid tier seen.",web,STL;3MF,false,false,false,2026-09-26,false
favorite-filament-sample-swatch,Favorite Filament Sample (Color Swatch),https://makerworld.com/en/models/487839-favorite-filament-sample-customize-color-swatch,https://skipthecad.com/generators/favorite-filament-sample-swatch/,signs-text,,free,Free; MakerWorld login needed to download,makerworld,STL;3MF,false,true,false,2026-09-26,false
fibonacci-spheres-airless-balls,Fibonacci Spheres - Customizable Airless Balls,https://makerworld.com/en/models/522209-fibonacci-spheres-customizable-airless-balls,https://skipthecad.com/generators/fibonacci-spheres-airless-balls/,puzzles-games,,free,Free; MakerWorld login needed to customize and download,makerworld,STL;3MF,false,true,false,2026-09-26,false
filament-painter,Filament Painter,https://painter.vec4.ca/,https://skipthecad.com/generators/filament-painter/,image-relief,,free,Free for non-commercial use; commercial license $20,web,STL,true,false,false,2026-09-25,false
flat-hinges-generator,Flat Hinges Generator,https://makerworld.com/en/models/2267668-flat-hinges-generator-just-another-kind-of-hinge,https://skipthecad.com/generators/flat-hinges-generator/,mechanical,,free,Free; MakerWorld login needed,makerworld,STL;3MF,false,true,false,2026-09-25,false
flexifier,Flexifier,https://flexifier.streamlit.app/,https://skipthecad.com/generators/flexifier/,puzzles-games,image-relief;gifts,free,Free to use with no account; the developer asks for optional PayPal donations.,web,STL;STEP,false,false,true,2026-09-26,false
floorplan23d,FloorPlan23D,https://floorplan23d.xyz/,https://skipthecad.com/generators/floorplan23d/,gifts,ai-3d,paid,"Creating, editing and previewing are free. Downloading uses 100 credits per project; credit packs list at $24.90 for 100 credits, $45 for 200 and $60 for 300, and the site has offered early-bird discounts during its beta. Each floor is a separate project. An unlocked project can be edited and re-downloaded at no extra cost. Payments go through Whop and credits are non-refundable.",web,STL;3MF,false,true,false,2026-09-26,false
fomrix,Fomrix,https://fomrix.com/image-to-stl,https://skipthecad.com/generators/fomrix/,ai-3d,,freemium,"Free starter credits (up to 90 in the first week, no card); image-to-3D costs 30 credits (60 detailed); packs from $7.99 for 200 credits or plans from $12.99/month for 500; the converters, viewers and STL repair check are free",web,STL;GLB;OBJ,false,true,false,2026-10-02,false
forgent3d-generators,Forgent3D Generators,https://www.forgent3d.com/en/generators,https://skipthecad.com/generators/forgent3d-generators/,customizers,storage;mechanical,free,Generators are free and need no login; the separate Forgent3D AI agent was an open beta with no prices on the plans page as of September 2026,web,STL;STEP,false,false,false,2026-09-26,false
fractions-made-fun-customizable,Fractions Made Fun (Customizable),https://makerworld.com/en/models/2550318-fractions-made-fun-customizable,https://skipthecad.com/generators/fractions-made-fun-customizable/,puzzles-games,,free,Free with a MakerWorld login; the Standard Digital File License does not allow selling prints or charging money for them without the designer's permission,makerworld,STL;3MF,true,true,false,2026-09-26,false
garden-plant-label-sign,Customizable Garden Plant Label Sign,https://makerworld.com/en/models/881635-customizable-garden-plant-label-sign,https://skipthecad.com/generators/garden-plant-label-sign/,signs-text,,free,"Free; MakerWorld login needed to customize and download. CC BY-NC-SA license, so no selling prints; the OpenSCAD file is listed with the model files",makerworld,STL;3MF,false,true,false,2026-09-26,false
gasket-o-ring-maker-tinkering-user,Customizable Gasket / O-ring Maker,https://makerworld.com/en/models/2735027-customizable-parameterized-gasket-o-ring-maker,https://skipthecad.com/generators/gasket-o-ring-maker-tinkering-user/,mechanical,,free,Free; MakerWorld login needed,makerworld,STL;3MF,false,true,false,2026-09-29,false
gasket-seal-ring-generator,Customizable Gasket/Seal Ring Generator,https://makerworld.com/en/models/1422975-customizable-gasket-seal-ring-generator,https://skipthecad.com/generators/gasket-seal-ring-generator/,mechanical,,free,Free; MakerWorld login needed to customize and download. Selling prints needs the designer's paid commercial license,makerworld,STL;3MF,false,true,false,2026-09-26,false
gear-generator-3,Gear Generator 3,https://geargenerator.com/,https://skipthecad.com/generators/gear-generator-3/,mechanical,,paid,"Designing and simulating are free; every export needs a pass: 5 EUR for 7 days, 10 EUR for 30 days or 30 EUR for a year",web,STL;OBJ;SVG,false,false,false,2026-10-02,false
generatestl,GenerateSTL,https://www.generatestl.com/,https://skipthecad.com/generators/generatestl/,mechanical,boxes;storage,free,"Free with no signup; no paid plan, ads or donation links seen",web,STL,false,false,true,2026-09-26,false
genie-crate,Genie Crate,https://geniecrate.com/,https://skipthecad.com/generators/genie-crate/,storage,ai-3d,free,"Free to use with no login; no paid plan, credits or usage limit seen on the site",web,STL,false,false,false,2026-09-26,false
genqrcode,GenQRCode,https://genqrcode.com/,https://skipthecad.com/generators/genqrcode/,codes,,freemium,"Static codes and 3D downloads free with no account; dynamic codes need an account (10 free), paid plans from €5 a month billed yearly",web,STL;3MF;OBJ;USDZ;SVG;PNG,true,false,false,2026-09-26,false
geogebra-3d-calculator,GeoGebra 3D Calculator,https://www.geogebra.org/3d,https://skipthecad.com/generators/geogebra-3d-calculator/,puzzles-games,,free,Free for non-commercial use such as school and personal projects; commercial use needs a separate paid license from GeoGebra,web,STL,false,false,false,2026-09-26,false
gh-skyline-dev,gh-skyline.dev,https://gh-skyline.dev,https://skipthecad.com/generators/gh-skyline-dev/,gifts,signs-text,free,"Free, open source (GPL 3.0).",web,3MF,true,true,true,2026-09-28,false
gpxtrack-xyz,GPXTrack.xyz,https://gpxtrack.xyz/,https://skipthecad.com/generators/gpxtrack-xyz/,maps-terrain,gifts,free,"Free, runs locally in the browser.",web,3MF,false,false,true,2026-09-25,false
gpxtruder,GPXtruder,https://gpxtruder.xyz/,https://skipthecad.com/generators/gpxtruder/,maps-terrain,,free,"Free, no account.",web,STL,false,false,true,2026-09-25,false
gridfinity-carve,Gridfinity Carve,https://gridfinity.liorbk.com/,https://skipthecad.com/generators/gridfinity-carve/,storage,,free,"Free, no account needed; optional Buy Me a Coffee tips",web,STL,false,false,false,2026-09-26,false
gridfinity-center,Gridfinity Center,https://gridfinity.alextac.com/,https://skipthecad.com/generators/gridfinity-center/,storage,,free,"Free, no account needed; open source under GPL-3.0",web,STL,false,false,true,2026-09-26,false
gridfinity-extended-generators,Gridfinity Extended Generators,https://gridfinity-extended.ostat.com/,https://skipthecad.com/generators/gridfinity-extended-generators/,storage,boxes;puzzles-games,free,"Free, no login needed; the scripts are open source under GPL-3.0",web,STL,false,false,true,2026-09-26,false
gridfinity-generator,Gridfinity Generator,https://gridfinitygenerator.com/en,https://skipthecad.com/generators/gridfinity-generator/,storage,,freemium,"Free editor and STL export, no account needed; a free account saves 5 models, Standard (€6/month) 50 and Premium (€20/month) 250",web,STL,false,false,false,2026-09-25,false
gridfinity-layout-tool,Gridfinity Layout Tool,https://gridfinitylayouttool.com/,https://skipthecad.com/generators/gridfinity-layout-tool/,storage,,free,"Free, no account needed; optional Google or GitHub sign-in",web,STL;STEP;3MF,true,false,false,2026-09-25,false
gridfinity-refinery,Gridfinity Refinery,https://gridfinity.us/,https://skipthecad.com/generators/gridfinity-refinery/,storage,,free,"Free, no account needed; no paid plan or donation link seen",web,STL;3MF,false,false,false,2026-09-26,false
gridfinity-studio,Gridfinity Studio,https://gridfinity.ftdesign.at/,https://skipthecad.com/generators/gridfinity-studio/,storage,,free,"Free, no account or login needed",web,STL,false,false,false,2026-09-26,false
gridfinitycreator,GridfinityCreator,https://gridfinity.bouwens.co/,https://skipthecad.com/generators/gridfinitycreator/,storage,,free,"Free, no account",web,STL;STEP,false,false,false,2026-09-26,false
gridflock-generator,GridFlock Generator,https://gridflock.yawk.at/,https://skipthecad.com/generators/gridflock-generator/,storage,,free,"Free, no account needed; open source",web,STL,false,false,true,2026-09-26,false
gridpilot,GridPilot,https://gridpilot.us/,https://skipthecad.com/generators/gridpilot/,storage,,freemium,"Free to design and preview. Downloads need a free account with 100 sq in of 3MF and DXF exports a month; Pro is $3.99/month (4,500 sq in, adds STL), Unlimited is $16.99/month, and a one-time $5 pack adds 500 sq in",web,3MF;STL,true,true,false,2026-09-26,false
grips-gridfinity-baseplate,GRIPS: Gridfinity Interlocking Baseplate System,https://makerworld.com/en/models/704997-grips-gridfinity-interlocking-baseplate-system,https://skipthecad.com/generators/grips-gridfinity-baseplate/,storage,,free,Free; MakerWorld login needed,makerworld,3MF;STL,false,true,false,2026-09-26,false
gsi-maps-3d,GSI Maps 3D (Chiriin Chizu 3D),https://maps.gsi.go.jp/,https://skipthecad.com/generators/gsi-maps-3d/,maps-terrain,,free,Free government service with no account and no paid tier,web,STL;OBJ,false,false,true,2026-09-26,false
heroforge,Hero Forge,https://www.heroforge.com/,https://skipthecad.com/generators/heroforge/,puzzles-games,gifts,paid,"Free to design in the browser. A custom STL Download costs $7.99 for one character or $15.98 for a two-character design, and two sample STLs are free. Optional Pro is $3.99 to $5.99 a month depending on the term (adds kitbashing and other tools); Pro+ is $14.99 to $19.99 a month and adds five digital credits a month, one credit per STL, rolling over up to 120. Printed minis are sold separately: the Buy menu showed $19.99 for the default character in plain plastic, and physical products start at $12.99.",web,STL,false,true,false,2026-09-26,false
hi3d,Hi3D,https://www.hi3d.ai/,https://skipthecad.com/generators/hi3d/,ai-3d,image-relief,freemium,"100 free credits per account, once (up to 10 models, public under CC BY 4.0, no downloads but 5 slicer sends a month); Pro, Max and Ultra give 1,000, 2,400 or 8,000 credits a month (prices did not load in our check)",web,STL;3MF;OBJ;GLB;USDZ,true,true,false,2026-09-25,false
hi3dgen,Hi3DGen,https://huggingface.co/spaces/Stable-X/Hi3DGen,https://skipthecad.com/generators/hi3dgen/,ai-3d,,free,"Free. It runs on Hugging Face ZeroGPU, which gives a daily GPU allowance of 2 minutes without an account, 5 minutes with a free account and 40 minutes with a paid PRO account.",web,STL;OBJ;PLY;GLB,false,false,true,2026-09-26,false
hinge-generator,Hinge Generator (Maochen),https://makerworld.com/en/models/2146969-hinge-generator,https://skipthecad.com/generators/hinge-generator/,mechanical,,free,Free; MakerWorld login needed,makerworld,STL;3MF,false,true,false,2026-09-26,false
hole-cover-cap-customizable,Hole Cover Cap - Customizable,https://makerworld.com/en/models/1219384-hole-cover-cap-customizable,https://skipthecad.com/generators/hole-cover-cap-customizable/,mechanical,,free,Free; MakerWorld login needed to customize and download,makerworld,STL;3MF,false,true,false,2026-09-26,false
house-office-number-plate-generator,House / Office Number Plate Generator,https://makerworld.com/en/models/1284229-house-office-number-plate-generator,https://skipthecad.com/generators/house-office-number-plate-generator/,signs-text,,free,Free model on MakerWorld (Standard Digital File License),makerworld,3MF;STL,true,true,false,2026-09-25,false
hueforge,HueForge,https://shop.thehueforge.com/,https://skipthecad.com/generators/hueforge/,image-relief,,paid,Personal Use lifetime $30; Limited Commercial $75/year; Professional Commercial $150/year; Professional lifetime $500. These are list prices; at our September 2026 check the shop was selling all four below list,windows;mac;linux,STL;3MF,true,false,false,2026-09-26,false
hueforge-chroma-canvas-frame-generator,HueForge / Chroma Canvas Custom Frame Generator,https://makerworld.com/en/models/1075493-hueforge-chroma-canvas-custom-frame-generator,https://skipthecad.com/generators/hueforge-chroma-canvas-frame-generator/,gifts,image-relief,free,Free to customize and download with a MakerWorld account,makerworld,STL;3MF,false,true,false,2026-09-26,false
hyper3d-rodin,Hyper3D Rodin,https://hyper3d.ai/,https://skipthecad.com/generators/hyper3d-rodin/,ai-3d,,freemium,"Free plan lets you preview before paying; credits $1.50 each; Creator $30/month ($24/month billed yearly, about 60 models)",web,STL;OBJ;GLB;FBX;USDZ,false,true,false,2026-09-25,false
ilove3d-name-keychain,ilove3d Name Keychain,https://ilove3d.app/,https://skipthecad.com/generators/ilove3d-name-keychain/,keychains,,free,"Free, no account",web,STL,false,false,false,2026-09-25,false
imagetostl,ImageToStl,https://imagetostl.com/,https://skipthecad.com/generators/imagetostl/,image-relief,,free,"Free and ad-supported; files are kept for 4 hours, or 24 hours with a long-term download link",web,STL;3MF;OBJ;GLB;FBX,true,false,false,2026-09-25,false
imagetostl-cookie-cutter,ImageToStl Cookie/Pastry Cutter,https://imagetostl.com/,https://skipthecad.com/generators/imagetostl-cookie-cutter/,cookie-cutters,,free,"Free, no account",web,STL;3MF;OBJ;STEP,false,false,false,2026-09-25,false
inbraille,InBraille,https://inbraille.cienciaembarcada.com.br/,https://skipthecad.com/generators/inbraille/,signs-text,,free,Free with no account and no paid plan; it is a university lab project.,web,STL,false,false,true,2026-09-26,false
infinite-snowflake-generator,Infinite Unique Snowflake Generator,https://makerworld.com/en/models/2044509-infinite-unique-snowflake-generator,https://skipthecad.com/generators/infinite-snowflake-generator/,gifts,,free,Free to customize and download on MakerWorld,makerworld,STL;3MF,false,true,false,2026-09-25,false
infinity-card-customizable,Infinity Card (Fully Customizable),https://makerworld.com/en/models/1573179-infinity-card-fully-customizable,https://skipthecad.com/generators/infinity-card-customizable/,gifts,puzzles-games,free,Free; a MakerWorld login is needed to customize and download,makerworld,3MF,true,true,false,2026-09-26,false
instantmesh,InstantMesh,https://huggingface.co/spaces/TencentARC/InstantMesh,https://skipthecad.com/generators/instantmesh/,ai-3d,,free,"Free demo on shared Hugging Face ZeroGPU hardware with a daily GPU quota (2 minutes without an account, 5 minutes with a free Hugging Face account); code and InstantMesh weights are Apache 2.0",web,OBJ;GLB,false,false,true,2026-09-26,false
isocoaster,IsoCoaster,https://isocoaster.app/,https://skipthecad.com/generators/isocoaster/,gifts,customizers,free,"Free, runs in the browser; the maker accepts tips via Buy Me a Coffee",web,STL;3MF;STEP;SVG,false,false,true,2026-10-02,false
iteration3d,Iteration3D,https://www.iteration3d.fr/en/,https://skipthecad.com/generators/iteration3d/,customizers,mechanical;storage,free,"Free downloads with no account or email, after ticking a terms box. Every model checked was marked Free; the license varies by template (CC0, CC BY, CC BY-NC-ND or the site's own non-commercial ITE IPU v1.0)",web,STL,true,false,false,2026-09-26,false
itslitho,ItsLitho,https://itslitho.com/,https://skipthecad.com/generators/itslitho/,lithophanes,vases-lamps,freemium,"Free to design and download STL files, with optional donations; a few advanced settings (such as sharpness and edge filters) are flagged premium in the app with no price listed",web,STL,false,false,false,2026-09-25,false
jar-generator,Jar Generator (Fletch),https://makerworld.com/en/models/1178706-jar-generator,https://skipthecad.com/generators/jar-generator/,boxes,storage,free,"Free to customize and download with a MakerWorld account; Standard Digital File License, so no selling prints or sharing the files",makerworld,STL;3MF,true,true,false,2026-09-26,false
javisperez-3d-box-generator,3D Box Generator,https://javisperez.github.io/box-stl-generator/,https://skipthecad.com/generators/javisperez-3d-box-generator/,boxes,,free,"Free, no account",web,STL,false,false,true,2026-09-25,false
jigsawmake-3d-puzzle-maker,JigsawMake 3D Printable Puzzle Maker,https://jigsawmake.com/,https://skipthecad.com/generators/jigsawmake-3d-puzzle-maker/,puzzles-games,,free,3D puzzle maker is free and unlimited with no signup; the wider site also offers a Premium option.,web,STL;SVG,false,false,false,2026-09-25,false
kady-text-to-stl,Kady Text to STL,https://text-to-stl.kady3dprinting.com/,https://skipthecad.com/generators/kady-text-to-stl/,signs-text,keychains,free,Free to use with no registration; no paid plan seen,web,STL;OBJ,false,false,false,2026-09-26,false
kinematics-at-home,Kinematics @ Home,https://n-e-r-v-o-u-s.com/kinematicsHome/,https://skipthecad.com/generators/kinematics-at-home/,gifts,,free,"Free, no account needed; optional PayPal tip jar on the page. The studio's separate Kinematics app is where you order finished nylon prints",web,STL,false,false,false,2026-09-26,false
knowhave-gear-generator,Gear Model For 3D Printer (knowhave),https://knowhave.main.jp/gear/index.php,https://skipthecad.com/generators/knowhave-gear-generator/,mechanical,,free,"Free, with no account, paid tier or ads",web,STL,false,false,false,2026-09-26,false
koolm-bearing-generator,Bearing Generator by Koolm,https://makerworld.com/en/models/1083205-bearing-generator-parametric-ball-bearings,https://skipthecad.com/generators/koolm-bearing-generator/,mechanical,,free,Free; MakerWorld login needed,makerworld,STL;3MF,false,true,false,2026-09-26,false
koolm-bracket-generator,Bracket Generator by Koolm,https://makerworld.com/en/models/1145333-bracket-generator-parametric-mounting-brackets,https://skipthecad.com/generators/koolm-bracket-generator/,mechanical,,free,Free; MakerWorld login needed to customize and download,makerworld,STL;3MF,false,true,false,2026-09-26,false
koolm-connector-generator,Connector Generator by Koolm,https://makerworld.com/en/models/1166433-connector-generator-parametric-connectors,https://skipthecad.com/generators/koolm-connector-generator/,mechanical,,free,"Free; MakerWorld login needed. Standard Digital File License, so no selling prints",makerworld,STL;3MF,false,true,false,2026-09-26,false
koolm-cuban-chain-generator,Parametric Cuban Chain Generator by Koolm,https://makerworld.com/en/models/821899-parametric-cuban-chain-generator,https://skipthecad.com/generators/koolm-cuban-chain-generator/,gifts,,free,Free; MakerWorld login needed to customize and download,makerworld,STL;3MF,false,true,false,2026-09-26,false
koolm-gear-generator,Gear Generator by Koolm,https://makerworld.com/en/models/1049303-gear-generator-parametric-gears-racks,https://skipthecad.com/generators/koolm-gear-generator/,mechanical,,free,Free; MakerWorld login needed,makerworld,STL;3MF,false,true,true,2026-09-25,false
koolm-grille-generator,Grille Generator by Koolm,https://makerworld.com/en/models/1778438-grille-generator-parametric-vents-covers,https://skipthecad.com/generators/koolm-grille-generator/,mechanical,,free,Free to customize and download with a MakerWorld account; selling prints needs Koolm's paid membership,makerworld,STL;3MF,false,true,false,2026-09-26,false
koolm-o-ring-generator,O-Ring Generator by Koolm,https://makerworld.com/en/models/3024278-o-ring-generator-parametric-rings-and-seals,https://skipthecad.com/generators/koolm-o-ring-generator/,mechanical,,free,Free; MakerWorld login needed,makerworld,STL;3MF,false,true,false,2026-09-29,false
koolm-propeller-generator,Propeller Generator by Koolm,https://makerworld.com/en/models/1800273-propeller-generator-parametric-elliptical-blades,https://skipthecad.com/generators/koolm-propeller-generator/,mechanical,,free,Free; MakerWorld login needed,makerworld,STL;3MF,false,true,false,2026-09-26,false
koolm-pulley-generator,Pulley Generator by Koolm,https://makerworld.com/en/models/1102161-pulley-generator-parametric-timing-belt-pulleys,https://skipthecad.com/generators/koolm-pulley-generator/,mechanical,,free,Free; MakerWorld login needed,makerworld,STL;3MF,false,true,false,2026-09-25,false
koolm-ruler-maker,Ruler Maker by Koolm,https://makerworld.com/en/models/1070245-ruler-maker-customizable-rulers,https://skipthecad.com/generators/koolm-ruler-maker/,mechanical,,free,Free; MakerWorld login needed to customize and download,makerworld,STL;3MF,true,true,false,2026-09-26,false
koolm-screw-generator,Screw Generator by Koolm,https://makerworld.com/en/models/1055250-screw-generator-parametric-screws-nuts-washer,https://skipthecad.com/generators/koolm-screw-generator/,mechanical,,free,Free; MakerWorld login needed,makerworld,STL;3MF,false,true,false,2026-09-25,false
koolm-spring-generator,Spring Generator by Koolm,https://makerworld.com/en/models/1131125-spring-generator-parametric-compression-springs,https://skipthecad.com/generators/koolm-spring-generator/,mechanical,,free,Free; MakerWorld login needed,makerworld,STL;3MF,false,true,false,2026-09-25,false
koolm-stamp-maker,Stamp Maker (Koolm),https://makerworld.com/en/models/1037541-stamp-maker-customizable-stamps,https://skipthecad.com/generators/koolm-stamp-maker/,cookie-cutters,signs-text,free,Free to customize and download on MakerWorld,makerworld,STL;3MF,false,true,false,2026-09-25,false
koolm-thread-generator,Thread Generator by Koolm,https://makerworld.com/en/models/1073355-thread-generator-parametric-threaded-rods-nuts,https://skipthecad.com/generators/koolm-thread-generator/,mechanical,,free,Free; MakerWorld login needed to customize and download,makerworld,STL;3MF,false,true,false,2026-09-26,false
krea-3d,Krea 3D,https://www.krea.ai/3d,https://skipthecad.com/generators/krea-3d/,ai-3d,,freemium,"Free plan with 100 compute units a day, limited 3D model access and no commercial license. The cheapest paid plan is Pro at $35/month ($21/month billed yearly) with 20,000 units and a commercial license; Max, Business and Enterprise plans sit above it. A 3D generation costs from about 10 to about 900 units depending on the model.",web,STL;OBJ;GLB;FBX;PLY,false,true,false,2026-09-30,false
kromacut,Kromacut,https://kromacut.com/,https://skipthecad.com/generators/kromacut/,image-relief,,free,Free and open source,web;windows;mac;linux,STL;3MF,true,false,true,2026-09-25,false
lapinoo-bricks,Lapinoo LEGO-compatible Bricks Generator,https://bricks.lapinoo.net/,https://skipthecad.com/generators/lapinoo-bricks/,puzzles-games,,free,Free to use with no account; the page shows Google ads and no paid plan was seen,web,STL,false,false,false,2026-09-26,false
layered-initial-and-name-sign,Layered Initial and Name Sign,https://makerworld.com/en/models/2061852-layered-initial-and-name-sign,https://skipthecad.com/generators/layered-initial-and-name-sign/,signs-text,gifts,free,"Free to customize and download; a MakerWorld account is needed. MakerWorld Exclusive License, so selling prints needs the designer's paid commercial membership",makerworld,STL;3MF,true,true,false,2026-09-26,false
lerch-customizable-dice,"Customizable Dice - D20, D12, D10, D8, D6, D4",https://makerworld.com/en/models/739273-customizable-dice-d20-d12-d10-d8-d6-d4,https://skipthecad.com/generators/lerch-customizable-dice/,puzzles-games,,free,Free; a MakerWorld login is needed to customize and download,makerworld,3MF,true,true,false,2026-09-26,false
letter-board-sign-board-maker,Letter Board and Sign Board Maker,https://makerworld.com/en/models/949011-letter-board-and-sign-board-maker,https://skipthecad.com/generators/letter-board-sign-board-maker/,signs-text,,free,"Free; a MakerWorld account is needed to open the customizer and to download. Standard Digital File License, so selling prints needs the designer's permission",makerworld,STL;3MF,true,true,false,2026-09-26,false
lightbox-name-generator,Lightbox Name Generator,https://makerworld.com/en/models/480593-lightbox-name-generator,https://skipthecad.com/generators/lightbox-name-generator/,vases-lamps,signs-text;gifts,free,"Free to customize and download with a MakerWorld account; Standard Digital File License, so no sharing files or selling prints. LEDs are bought separately",makerworld,STL;3MF,true,true,false,2026-09-26,false
lithium-pack-designer,Lithium Pack Designer,https://battery.devshare.in,https://skipthecad.com/generators/lithium-pack-designer/,mechanical,boxes,free,,web,STL;SVG,false,false,true,2026-09-28,false
litho-lamp,Litho-Lamp,https://litho-lamp.com/,https://skipthecad.com/generators/litho-lamp/,lithophanes,vases-lamps,free,"Free, no paid plan shown",web,STL,false,false,false,2026-09-25,false
lithophane-maker,Lithophane Maker,https://lithophanemaker.com/,https://skipthecad.com/generators/lithophane-maker/,lithophanes,vases-lamps,free,Web tools are free and Patreon-supported; the separate Windows desktop app is sold through American Filament at list prices of $20 a year or $40 lifetime for personal use; at our September 2026 check the shop was selling both below list,web,STL,true,false,false,2026-09-26,false
littleboxes-ai,LittleBoxes.ai,https://littleboxes.ai/,https://skipthecad.com/generators/littleboxes-ai/,boxes,storage;mechanical,free,"Free, no account needed to download. A free account saves designs and unlocks the Drawer Planner (in beta as of September 2026); no paid plans seen",web,STL,false,false,false,2026-09-26,false
loftsmith,Loftsmith,https://loftsmith.com/,https://skipthecad.com/generators/loftsmith/,ai-3d,mechanical;boxes,freemium,"Free: all generators, sliders, print checks and STL download, plus a starting batch of design credits (public projects only). Maker $12/month (50 credits, private projects, 3MF, commercial use), Pro $32/month (160 credits, assemblies, STEP beta), Business $149/month; yearly billing gives two months free",web,STL;3MF;STEP,false,false,false,2026-09-29,false
loreform,Loreform,https://www.loreform.ai/,https://skipthecad.com/generators/loreform/,ai-3d,puzzles-games,freemium,"Free tier with 20 credits (about one miniature, non-commercial use). Creator $19.99/month (400 credits) and Pro $39.99/month (1,000 credits) add commercial use; yearly billing is 20% off (Creator works out to $15.99/month). Monthly credits reset every 30 days.",web,STL;GLB;FBX,false,true,false,2026-09-26,false
lucentlitho,LucentLitho,https://lucentlitho.web.app/,https://skipthecad.com/generators/lucentlitho/,lithophanes,gifts,free,"STL download is free with no purchase needed; printed and shipped lithophanes are paid, priced by size, shape and extras (US shipping only)",web,STL,false,false,false,2026-09-29,false
lumaform,LumaForm,https://lumaform3d.com/,https://skipthecad.com/generators/lumaform/,vases-lamps,,paid,"Designing and previewing is free; each download is a one-off purchase with a regular price of €14.99, with woven lattice designs priced separately (the site has shown launch discounts on both). Private-use license, Stripe checkout with card or PayPal",web,STL,false,false,false,2026-09-26,false
lumhaus,LumHaus (MakerLab),https://makerworld.com/en/makerlab/community/lumhaus,https://skipthecad.com/generators/lumhaus/,vases-lamps,,freemium,"Free core design and export; optional one-time unlocks (custom profiles, socket presets, texture library) listed at $19.90 each",makerworld,3MF;STL,false,true,false,2026-09-25,false
lunar-prototypes,Lunar Prototypes,https://lunarprototypes.com/,https://skipthecad.com/generators/lunar-prototypes/,customizers,storage;mechanical,freemium,"Free to customize and download within a daily job limit. The site is funded through Ko-fi and Patreon, and at least one design page says extra stylized versions are for Patreon members; Patreon prices were not visible.",web,3MF;STL,true,false,false,2026-09-26,false
lychee-gen,Lychee Gen,https://3dgen.lychee.co/,https://skipthecad.com/generators/lychee-gen/,ai-3d,puzzles-games,freemium,"Lychee says new accounts get up to 100 free credits, enough for about two models. After that you need a plan: Creator €9.99, Builder €14.99 or Maker €19.99 a month plus local taxes, for 900, 1,400 or 2,000 credits, not counting the launch bonus credits shown at our September 2026 check. Plan credits expire each month. A one-time pack of 400 credits for €7.49 is also listed, but the help docs and the app disagree on whether it needs an active subscription.",web,STL;OBJ;GLB,false,true,false,2026-09-26,false
machineblocks,MachineBlocks,https://machineblocks.com/,https://skipthecad.com/generators/machineblocks/,puzzles-games,,free,Free; no account or pricing on the site.,web,3MF;STL,false,false,false,2026-09-26,false
make-my-logo-coaster,Make my logo coaster (MiloMatic),https://makerworld.com/en/models/2676204-make-my-logo-coaster,https://skipthecad.com/generators/make-my-logo-coaster/,gifts,,free,Free to customize and download with a MakerWorld login; the Standard Digital File License does not allow selling the prints without the designer's permission,makerworld,3MF,true,true,false,2026-09-26,false
make3dmap,Make3DMap,https://make3dmap.com/,https://skipthecad.com/generators/make3dmap/,maps-terrain,,free,Generating terrain and running the print check are free without an account; downloading your own 3MF or STL needs a free sign-in (Google or email). No paid plan or pricing page was seen.,web,3MF;STL;GLB,false,true,false,2026-09-26,false
makerlab-christmas-ornament-maker,Christmas Ornament Maker (MakerLab),https://makerworld.com/en/makerlab/christmasOrnamentMaker,https://skipthecad.com/generators/makerlab-christmas-ornament-maker/,gifts,,free,"Free with a MakerWorld account; released on November 28, 2024, as a holiday-season tool",makerworld,3MF,true,true,false,2026-09-25,false
makerlab-chroma-canvas,MakerLab Chroma Canvas,https://makerworld.com/en/makerlab,https://skipthecad.com/generators/makerlab-chroma-canvas/,image-relief,,free,Free with a MakerWorld account,makerworld,3MF,true,true,false,2026-09-25,false
makerlab-clicker-generator,Clicker Generator (MakerLab),https://makerworld.com/en/makerlab/community/clicker-generator,https://skipthecad.com/generators/makerlab-clicker-generator/,keychains,gifts;puzzles-games,free,Free for personal use. The only paid item in MakerLab is an optional $99 Lifetime commercial license for selling prints; Vostok Labs also sells a $15-a-month commercial membership through its MakerWorld profile.,web;makerworld,3MF,true,true,false,2026-09-26,false
makerlab-dice-studio,Dice Studio (MakerLab),https://makerworld.com/en/makerlab,https://skipthecad.com/generators/makerlab-dice-studio/,puzzles-games,,free,Free with a MakerWorld account.,makerworld,3MF,false,true,false,2026-09-25,false
makerlab-flexi-toy-maker,Flexi Toy Maker (MakerLab),https://makerworld.com/en/makerlab/flexiToyMaker,https://skipthecad.com/generators/makerlab-flexi-toy-maker/,puzzles-games,keychains;gifts,free,Free with a MakerWorld account; it is not on the MakerLab Credits cost list.,makerworld,3MF;STL,true,true,false,2026-09-26,false
makerlab-image-to-3d,MakerLab Image to 3D Model,https://makerworld.com/en/makerlab,https://skipthecad.com/generators/makerlab-image-to-3d/,ai-3d,,freemium,"2 free trial uses per account, then 24 to 45 MakerLab credits per model depending on the engine; credits from $3 for 350 or via MakerWorld Points",makerworld,STL;3MF;GLB,true,true,false,2026-09-25,false
makerlab-image-to-keychain,Image to Keychain (MakerLab),https://makerworld.com/en/makerlab,https://skipthecad.com/generators/makerlab-image-to-keychain/,keychains,gifts,free,Free with a MakerWorld (Bambu Lab) account; only the AI templates in the Bambu Handy app use MakerLab credits,makerworld,3MF,true,true,false,2026-09-25,false
makerlab-keycap-legend-generator,Keycap Legend Generator (Vostok Labs),https://vostoklabs.github.io/SVG-keycap-generator/,https://skipthecad.com/generators/makerlab-keycap-legend-generator/,mechanical,,freemium,"Free for personal use, on the web and in MakerLab; the MakerLab version sells an optional Pro Pack ($9.90) for whole-keyboard sets and a second legend per cap. Selling prints needs a commercial license: $15/month from Vostok Labs, or $99 lifetime in MakerLab",web;makerworld,3MF,true,false,false,2026-09-26,false
makerlab-lightbox-maker,Lightbox Maker (MakerLab),https://makerworld.com/en/makerlab/lightboxMaker,https://skipthecad.com/generators/makerlab-lightbox-maker/,lithophanes,signs-text,free,Free with a MakerWorld account; no paid options shown,makerworld,3MF,true,true,false,2026-09-25,false
makerlab-lithophane-folding-fan,Lithophane Folding Fan (MakerLab),https://makerworld.com/en/makerlab/community/lithophane-folding-fan,https://skipthecad.com/generators/makerlab-lithophane-folding-fan/,lithophanes,gifts,freemium,"Free with built-in designs; Pro features (own images, sections, text, extra shapes) are a one-time $9.99 unlock, which MakerLab has offered at a time-limited discount",makerworld,3MF,false,true,false,2026-09-26,false
makerlab-make-my-desk-organizer,Make My Desk Organizer (MakerLab),https://makerworld.com/en/makerlab,https://skipthecad.com/generators/makerlab-make-my-desk-organizer/,storage,,free,Free; MakerWorld login needed,makerworld,3MF,false,true,false,2026-09-25,false
makerlab-make-my-lantern,Make My Lantern (MakerLab),https://makerworld.com/en/makerlab/makeMyLantern,https://skipthecad.com/generators/makerlab-make-my-lantern/,vases-lamps,ai-3d,free,Free with a MakerWorld account; MakerLab's credit guide does not list it among the tools that cost credits,makerworld,STL;3MF,false,true,false,2026-09-26,false
makerlab-make-my-lithophane,Make My Lithophane (MakerLab),https://makerworld.com/en/makerlab/makeMyLithophane,https://skipthecad.com/generators/makerlab-make-my-lithophane/,lithophanes,,free,Free with a MakerWorld (Bambu Lab) account,makerworld,3MF,true,true,false,2026-09-25,false
makerlab-make-my-sign,Make My Sign (MakerLab),https://makerworld.com/en/makerlab,https://skipthecad.com/generators/makerlab-make-my-sign/,signs-text,keychains,free,Free with a MakerWorld (Bambu Lab) account,makerworld,3MF;STL,true,true,false,2026-09-25,false
makerlab-make-my-statue,MakerLab Make My Statue,https://makerworld.com/en/makerlab,https://skipthecad.com/generators/makerlab-make-my-statue/,ai-3d,gifts,freemium,"1 free trial use per account, then 40 MakerLab credits per statue; credits from $3 for 350 or via MakerWorld Points",makerworld,3MF,false,true,false,2026-09-25,false
makerlab-make-my-vase,Make My Vase (MakerLab),https://makerworld.com/en/makerlab/makeMyVase,https://skipthecad.com/generators/makerlab-make-my-vase/,vases-lamps,,free,Free with a MakerWorld account,makerworld,3MF,false,true,false,2026-09-25,false
makerlab-mesh-graffiti,Mesh Graffiti (MakerLab),https://makerworld.com/en/makerlab,https://skipthecad.com/generators/makerlab-mesh-graffiti/,image-relief,gifts,free,"Free with a MakerWorld account. The MakerLab credits guide lists only AI features as using credits, and Mesh Graffiti is not among them.",makerworld,3MF;GLB,true,true,false,2026-09-26,false
makerlab-paramacraft-lite,ParamaCraft lite (MakerLab),https://makerworld.com/en/makerlab,https://skipthecad.com/generators/makerlab-paramacraft-lite/,customizers,,freemium,Lite version free; optional paid model packs.,makerworld,3MF,false,true,false,2026-09-25,false
makerlab-pixel-puzzle-maker,Pixel Puzzle Maker (MakerLab),https://makerworld.com/en/makerlab,https://skipthecad.com/generators/makerlab-pixel-puzzle-maker/,puzzles-games,image-relief,free,Free with a MakerWorld account.,makerworld,3MF,true,true,false,2026-09-25,false
makerlab-printu,MakerLab PrintU,https://makerworld.com/en/makerlab,https://skipthecad.com/generators/makerlab-printu/,ai-3d,gifts,freemium,"3 free image and 1 free 3D trial per account, then 15 credits per image and 30 per 3D model; credits from $3 for 350 or via MakerWorld Points",makerworld,3MF,true,true,false,2026-09-25,false
makerlab-qrfun,QRFun (MakerLab),https://makerworld.com/en/makerlab,https://skipthecad.com/generators/makerlab-qrfun/,codes,,freemium,"Flat and Pyramid styles free; Premium unlock $4.99 adds Terrace, River, Hills, multicolor and lettering; Commercial unlock $29.99",makerworld,3MF,true,true,false,2026-09-25,false
makerlab-relief-sculpture-maker,MakerLab Relief Sculpture Maker,https://makerworld.com/en/makerlab,https://skipthecad.com/generators/makerlab-relief-sculpture-maker/,image-relief,gifts,free,"Free with a MakerWorld account; MakerLab lists no price for it, and its credits guide does not include it among the tools that use credits",makerworld,3MF,false,true,false,2026-09-25,false
makerlab-shadowbox-maker,Shadowbox Maker (MakerLab),https://makerworld.com/en/makerlab/shadowBoxMaker,https://skipthecad.com/generators/makerlab-shadowbox-maker/,image-relief,gifts,free,"Free with a MakerWorld account; Bambu Lab's own 2026 tutorial calls it a free tool, and MakerLab's 2026 credit changes target AI tools such as Image to 3D and Make My Statue",makerworld,3MF,true,true,false,2026-09-26,false
makerlab-star-map-generator,Star Map Generator (MakerLab),https://makerworld.com/en/makerlab,https://skipthecad.com/generators/makerlab-star-map-generator/,maps-terrain,gifts,freemium,Classic Circle layout is free; Star Map Premium (Gallery and Full Sky layouts) is an optional $4.99 unlock.,makerworld,3MF,true,true,false,2026-09-25,false
makertools3d,MakerTools3D,https://makertools3d.com/,https://skipthecad.com/generators/makertools3d/,image-relief,keychains;lithophanes,free,Free with no account; the site shows Google ads,web,3MF;STL;SVG,true,false,false,2026-09-26,false
makerworld-makerlab,MakerWorld MakerLab,https://makerworld.com/en/makerlab,https://skipthecad.com/generators/makerworld-makerlab/,customizers,,freemium,"Parametric tools free with an account; AI tools give a few one-time free trial uses, then use credits ($3 for 350 up to $80 for 11,000, or 80 MakerWorld Points for 600); some community apps sell optional unlocks",makerworld,3MF;STL,true,true,false,2026-09-25,false
makerworld-parametric-model-maker,MakerWorld Parametric Model Maker,https://makerworld.com/en/makerlab,https://skipthecad.com/generators/makerworld-parametric-model-maker/,customizers,,free,Free with a MakerWorld account.,makerworld,3MF,true,true,false,2026-09-25,false
map2model,Map2Model,https://www.map2model.de/,https://skipthecad.com/generators/map2model/,maps-terrain,,free,"Free for personal use, no account; commercial use needs a license.",web,STL;3MF,true,false,false,2026-09-25,false
maps3d,Maps3D,https://maps3d.io/3d-printing,https://skipthecad.com/generators/maps3d/,maps-terrain,,paid,"Selecting an area and previewing it in the editor is free. Exporting costs $5 per map as a one-off purchase with no account, or $20/month for unlimited exports (the subscription needs an account). Prices are localized at checkout: from the Netherlands the editor asked 5.99 EUR per map or 22.99 EUR/month, VAT included. The price does not depend on the size of the area, and there is a 15-day refund policy.",web,STL;3MF;OBJ;GLB,true,false,false,2026-09-26,false
matter-qr-codes,Matter QR Codes,https://generate.matterqr.codes,https://skipthecad.com/generators/matter-qr-codes/,codes,,free,,web,STL;SVG,false,false,true,2026-09-28,false
measuring-cup-spoon-generator,Measuring Cup / Measuring Spoon Generator (Maochen),https://makerworld.com/en/models/2227124-measuring-cup-measuring-spoon-generator,https://skipthecad.com/generators/measuring-cup-spoon-generator/,mechanical,cookie-cutters,free,"Free on MakerWorld with a login; MakerWorld Exclusive License, so no selling prints or sharing the files elsewhere",makerworld,STL;3MF,false,true,false,2026-09-26,false
mesh-texture,Mesh Texture,https://www.meshtexture.com/,https://skipthecad.com/generators/mesh-texture/,image-relief,,free,Free with no account; optional tips through Buy Me a Coffee,web,STL,false,false,true,2026-09-26,false
meshcast-candle-mold-maker,Meshcast Candle Mold Maker,https://meshcast.app/candle-mold,https://skipthecad.com/generators/meshcast-candle-mold-maker/,mechanical,cookie-cutters;gifts,freemium,"Designing and previewing are free without an account, and one download works without signing in. A free account then gives 5 downloads in the first week and 3 a week after that, for personal use with a small Meshcast engraving. Starter is $9/month for 10 downloads a week (still personal use). Pro is $20/month, or less when billed yearly, with unlimited downloads, your own logo and the right to sell casts. Founder buys lifetime Pro once, at a price that rises $50 for every 10 spots sold ($349 in September 2026).",web,STL;3MF,false,false,false,2026-09-26,false
meshcast-cookie-cutter,Meshcast Cookie Cutter Generator,https://meshcast.app/,https://skipthecad.com/generators/meshcast-cookie-cutter/,cookie-cutters,,freemium,"One download without an account. A free account gives 5 downloads, then 3 a week, with a small Meshcast engraving and personal use only. Starter $9/month raises that to 10 a week under the same limits; Pro $20/month removes the mark and the cap and allows selling prints; Founder buys lifetime Pro once, at a price that rises $50 for every 10 spots sold ($349 in September 2026)",web,STL;3MF,false,false,false,2026-09-26,false
meshcast-paper-embosser,Meshcast Paper Embosser Maker,https://meshcast.app/embosser,https://skipthecad.com/generators/meshcast-paper-embosser/,cookie-cutters,gifts,freemium,"One download without an account, then a free account gives 5 downloads and 3 a week after that, for personal use with a small Meshcast engraving. Starter $9/month (10 a week, still personal use), Pro $20/month (unlimited, your own logo, selling prints allowed), Founder buys lifetime Pro once, at a price that rises $50 for every 10 spots sold ($349 in September 2026).",web,STL;3MF,false,false,false,2026-09-26,false
meshcast-planter-generator,Meshcast Planter Generator,https://meshcast.app/planter,https://skipthecad.com/generators/meshcast-planter-generator/,vases-lamps,,freemium,"One download without an account, then a free account gives 5 more to start and 3 a week, for personal use with a small Meshcast engraving. Starter $9/month (10 downloads a week, same personal-use rights), Pro $20/month (unlimited downloads, commercial use, your own logo), Founder buys lifetime Pro once, at a price that rises $50 for every 10 spots sold ($349 in September 2026).",web,STL;3MF,false,false,false,2026-09-26,false
meshcast-texture-roller,Meshcast Texture Roller Generator,https://meshcast.app/texture-roller,https://skipthecad.com/generators/meshcast-texture-roller/,cookie-cutters,,freemium,"Designing is free and the first download needs no account. After that a free account gives 5 downloads to start and 3 a week, with a small Meshcast engraving and personal use only. Starter is $9/month for 10 downloads a week under the same personal-use rules; Pro is $20/month or $179/year with no mark, no cap and the right to sell; Founder buys lifetime Pro once, at a price that rises $50 for every 10 spots sold ($349 in September 2026).",web,STL;3MF,false,false,false,2026-09-26,false
meshcolor,MeshColor,https://meshcolor.com/,https://skipthecad.com/generators/meshcolor/,image-relief,,free,"Free, including commercial use, with no account; optional support through Patreon or Ko-fi",web,3MF,true,false,false,2026-09-26,false
meshy,Meshy,https://www.meshy.ai/,https://skipthecad.com/generators/meshy/,ai-3d,,freemium,"Free plan: 100 credits a month, models under CC BY 4.0; Pro $20/month for 1,000 credits",web,STL;3MF;OBJ;GLB;FBX;USDZ,true,true,false,2026-09-25,false
meshy-3d-relief-generator,Meshy 3D Relief Generator,https://www.meshy.ai/3d-tools/3d-relief-generator,https://skipthecad.com/generators/meshy-3d-relief-generator/,image-relief,gifts;cookie-cutters,free,"The relief tool is free with no account, credits or watermark; Meshy's AI model generators are billed separately",web,STL;OBJ,false,false,false,2026-09-26,false
meshy-figurine-generator,Meshy AI Figurine Generator,https://www.meshy.ai/creative-lab/figurine,https://skipthecad.com/generators/meshy-figurine-generator/,ai-3d,gifts,paid,"Designing and the 3D preview work on a free Meshy account (6 credits per 2D design, 30 per 3D model, 100 free credits a month plus a daily allowance of free designs). Downloading the figure needs a paid plan: Pro is $20 a month with unlimited downloads, and the multicolor 3MF export and AR preview need Pro or higher.",web,STL;OBJ;GLB;FBX;3MF,true,true,false,2026-09-26,false
metikumi-function-playground,Metikumi Function Playground,https://metikumi.com/tools/function-play/,https://skipthecad.com/generators/metikumi-function-playground/,vases-lamps,,free,"Free in the browser with no login; listed under Metikumi's free web apps, no paid plan seen",web,STL,false,false,false,2026-09-26,false
mike-bicycle-mount-generator,MIKE - Bicycle Mount Generator (ETH Zurich),https://gendesigntools.com/configs/bikeConnector_A_09/,https://skipthecad.com/generators/mike-bicycle-mount-generator/,mechanical,,free,"Free research tool, no account needed",web,STL,false,false,false,2026-09-26,false
mineways,Mineways,https://github.com/erich666/Mineways,https://skipthecad.com/generators/mineways/,puzzles-games,gifts,free,Free and open source.,windows;mac,STL;OBJ;3MF,false,false,true,2026-09-28,false
mini-skyline,Mini Skyline,https://miniskyline.com/,https://skipthecad.com/generators/mini-skyline/,maps-terrain,,free,"Free: the site states every feature is open with no account, payment, ads, watermark or export cap. Optional donations go through Buy Me a Coffee, and the creator takes quote requests for finished printed maps.",web,3MF,true,false,false,2026-09-26,false
modelador3d-part-generator,Modelador 3D Part Generator,https://modelador3d.com.br/personalizador,https://skipthecad.com/generators/modelador3d-part-generator/,mechanical,customizers;boxes,free,Free with unlimited downloads after a first name and email signup confirmed by an emailed code; an optional R$10 Pix donation per download is suggested. Custom modeling and printed parts (from R$30 plus shipping on the gear page) are sold separately.,web,STL;SVG,false,true,false,2026-09-26,false
modly,Modly,https://modly3d.app/,https://skipthecad.com/generators/modly/,ai-3d,,free,"Free and open source under the MIT license, with no credits or subscriptions. You provide the GPU; optional donations go through GitHub Sponsors.",windows;mac;linux,STL;OBJ;GLB;PLY,false,false,true,2026-09-26,false
modular-elevated-dog-bowl-stand,Modular Elevated Dog Bowl Stand (Parametric),https://makerworld.com/en/models/2605225-modular-elevated-dog-bowl-stand-parametric,https://skipthecad.com/generators/modular-elevated-dog-bowl-stand/,storage,,free,Free model; a MakerWorld account is needed to customize and download. The designer sells a commercial license through a paid MakerWorld membership (no price shown on the model page),makerworld,3MF;STL,false,true,false,2026-09-26,false
mojulo,Mojulo,https://mojulo.ai,https://skipthecad.com/generators/mojulo/,ai-3d,customizers,free,"Free and open source (Apache-2.0); you need your own AI assistant that can use MCP tools, which usually means a paid Claude, ChatGPT or Grok plan",windows;mac;linux,STL;3MF,false,false,true,2026-10-01,false
mold-studio,Mold Studio,https://moldstudio.app/,https://skipthecad.com/generators/mold-studio/,mechanical,cookie-cutters,freemium,"Box and form-fitting molds are free with no account. A silicone mold download costs 1 credit; one-time packs are $9 for 10, $19 for 25, $39 for 60, or $99 for unlimited use (fair use of 50 molds a month). As of September 2026 the site's FAQ called the tool free while in beta, which does not match the pricing section.",web,STL,false,false,false,2026-09-26,false
moon2stl,Moon2STL,https://jthatch.com/Moon2STL/,https://skipthecad.com/generators/moon2stl/,maps-terrain,,free,Free to use with no account; no paid plan or donation link on the page.,web,STL,false,false,false,2026-09-26,false
ms-letter-studio,MS Letter Studio,https://msletterstudio.com/,https://skipthecad.com/generators/ms-letter-studio/,signs-text,vases-lamps,free,"Free beta, no account needed",web,STL;3MF;SVG,true,false,false,2026-10-02,false
multi-line-stencil-generator,Multi-Line Stencil Generator,https://makerworld.com/en/models/2577154-multi-line-stencil-generator-11-fonts-svg,https://skipthecad.com/generators/multi-line-stencil-generator/,signs-text,,free,"Free on MakerWorld with a login. MakerWorld Exclusive License, so no commercial use.",makerworld,STL;3MF,false,true,false,2026-09-26,false
multibuild-label-generator,MultiBuild Label Generator,https://multibuild.io/tools/label-generator,https://skipthecad.com/generators/multibuild-label-generator/,storage,signs-text,freemium,"Free text labels after a free login; icons need a Multi Maker membership ($10 a month on Thangs, or $8.20 a month billed yearly)",web,,false,true,false,2026-09-26,false
multibuild-octagon-plate-generator,MultiBuild Octagon Plate Generator,https://multibuild.io/tools,https://skipthecad.com/generators/multibuild-octagon-plate-generator/,storage,,freemium,Free rectangular plates after login; Pro tools need a Multi Maker membership ($10/month on Thangs),web,STL,false,true,false,2026-09-25,false
museum-scan-braille-embosser,Braille Business Card Embosser Generator (Museum Scan),https://museumscan.com/braille-embosser,https://skipthecad.com/generators/museum-scan-braille-embosser/,signs-text,,free,"Free, no price or paid plan seen. No account is needed, but the download asks for an email address once per browser session.",web,STL,true,false,false,2026-09-26,false
musical-fidget-generator,Musical Fidget Generator,https://makerworld.com/en/models/1492688-musical-fidget-generator,https://skipthecad.com/generators/musical-fidget-generator/,puzzles-games,gifts;keychains,free,Free to customize and download with a MakerWorld account. Selling prints needs the commercial license that comes with the creator's paid membership; its price is not shown on the model page.,makerworld,STL;3MF,false,true,false,2026-09-26,false
mylasertools-3d-dual-view-text,MyLaserTools 3D Dual-View Text Generator,https://www.mylasertools.com/3d-dual-view-text,https://skipthecad.com/generators/mylasertools-3d-dual-view-text/,signs-text,gifts,free,"Free with unlimited downloads and no account. The site's optional Pro plan ($14.99 a month) adds unlimited Map Designer exports, unlimited saved designs and the right to resell the digital files, none of which you need to print a dual-view piece",web,STL;3MF,false,false,false,2026-09-26,false
mylasertools-keychain-generator,MyLaserTools Keychain & Cake Topper Generators,https://www.mylasertools.com/keychain-generator,https://skipthecad.com/generators/mylasertools-keychain-generator/,keychains,gifts;signs-text,free,Free with unlimited exports and no account. A free account adds up to 10 saved designs; a paid Pro plan is only needed to resell the digital files,web,STL;3MF;SVG,true,false,false,2026-09-26,false
nabu-labels,Nabu Labels,https://nabulabels.com/,https://skipthecad.com/generators/nabu-labels/,storage,signs-text,free,"Free, no account needed",web,3MF;PNG,true,false,false,2026-09-26,false
name-keychain-generator-no-ams,Name Keychain Generator [NO AMS],https://makerworld.com/en/models/2115391-name-keychain-generator-no-ams,https://skipthecad.com/generators/name-keychain-generator-no-ams/,keychains,,free,Free for personal use; the designer's commercial membership for selling prints is $4.99/month,makerworld,3MF;STL,true,true,false,2026-09-25,false
neural4d,Neural4D,https://www.neural4d.com/,https://skipthecad.com/generators/neural4d/,ai-3d,,freemium,"Free plan: about 20 models a month, public domain; Go, Plus and Pro cover about 150, 500 or 2,500 models a month (prices did not load in our check)",web,STL;OBJ;GLB;FBX;USDZ,false,true,false,2026-09-25,false
nexprint-text-image-to-3d,Nexprint Text & Image to 3D,https://maker.nexprint.com/en/aiBase,https://skipthecad.com/generators/nexprint-text-image-to-3d/,ai-3d,,free,"No paid plan or credit purchase seen. A first-use claim gives 150 free credits; an image generation costs 5 credits and a text generation 4. More credits come from redeeming Nexprint Points (1 point = 5 credits), which you earn on Nexprint, for example by uploading photos and sliced files of your prints. The credit balance is capped at 1,000.",web,3MF;GLB,true,true,false,2026-09-26,false
nih-3d-quick-submit,NIH 3D Quick Submit,https://3d.nih.gov/submit,https://skipthecad.com/generators/nih-3d-quick-submit/,puzzles-games,,free,"Free government service with no paid tier; generating a model needs a free NIH 3D account, while browsing and downloading existing entries does not",web,STL;GLB,false,true,false,2026-09-26,false
nullphase-keychain-nametag-designer,3D Keychain & Nametag Designer (nullphase),https://nullphase.net/kc/,https://skipthecad.com/generators/nullphase-keychain-nametag-designer/,keychains,signs-text,free,Free with no account or sign-up; no paid tier or upsell seen on the page,web,STL;3MF,true,false,false,2026-09-26,false
obloid-hinged-box-generator,Obloid Hinged Box Generator,https://obloid.app/tools/hinged-box,https://skipthecad.com/generators/obloid-hinged-box-generator/,boxes,storage,freemium,"3 free exports per tool after signing in; Plus ($15/month) and Pro ($60/month) give unlimited exports, with 17% off on yearly billing",web,STL;3MF,true,true,false,2026-09-26,false
obloid-photo-puzzle,Obloid Photo Puzzle Generator,https://obloid.app/tools/photo-puzzle,https://skipthecad.com/generators/obloid-photo-puzzle/,puzzles-games,gifts;image-relief,freemium,"Free account gets 3 exports for this tool (re-downloading the same design in another format is free); Plus ($15/month) and Pro ($60/month) add unlimited exports and matching colors to your own spools, 17% off with yearly billing",web,STL;3MF,true,true,false,2026-09-26,false
obloid-spinning-top-generator,Obloid Spinning Top Generator,https://obloid.app/tools/spinning-top,https://skipthecad.com/generators/obloid-spinning-top-generator/,puzzles-games,gifts,freemium,"3 free exports per tool after signing in; Plus ($15/month) and Pro ($60/month) give unlimited exports, with 17% off on yearly billing",web,STL;3MF,false,true,false,2026-09-26,false
omartronics-3d-kollektion,OmArTronics 3D Kollektion,https://studio.omartronics.com/,https://skipthecad.com/generators/omartronics-3d-kollektion/,gifts,lithophanes;vases-lamps,free,"Free, no account",web,STL;3MF,true,false,false,2026-09-25,false
open-keychain-3d,Open Keychain 3D,https://open-keychain.com/,https://skipthecad.com/generators/open-keychain-3d/,keychains,signs-text;gifts,free,"Free with no account and MIT-licensed; a hosted workspace was listed as planned, with no price, in September 2026",web,STL;3MF,true,false,true,2026-09-26,false
opengrid-studio,openGrid Studio,https://ogstudio.sudomaker.com/,https://skipthecad.com/generators/opengrid-studio/,storage,mechanical,free,Free and open source under Apache-2.0; no account or sign-up needed,web,STL;3MF,false,false,true,2026-09-26,false
opengrid-tile-generator,openGrid Tile Generator,https://makerworld.com/en/models/1304337-opengrid-tile-generator,https://skipthecad.com/generators/opengrid-tile-generator/,storage,,free,Free; MakerWorld login needed,makerworld,STL;3MF,false,true,false,2026-09-26,false
openscad-playground,OpenSCAD Playground,https://ochafik.com/openscad2,https://skipthecad.com/generators/openscad-playground/,customizers,,free,Free and open source.,web,STL;3MF;GLB;SVG,true,false,true,2026-09-25,false
orbitstudio,OrbitStudio,https://orbitstudio3d.com/,https://skipthecad.com/generators/orbitstudio/,maps-terrain,puzzles-games;gifts,paid,"Generating and 3D preview are free. Every STL or 3MF download uses a credit from a one-time pass, from $12 for 6 downloads a year. In September 2026 a limited number of early-bird places were offered at lower prices.",web,STL;3MF,true,true,false,2026-09-26,true
orbitstudio-sky,OrbitStudio Sky,https://orbitstudio3d.com/sky,https://skipthecad.com/generators/orbitstudio-sky/,gifts,maps-terrain,freemium,"STL downloads free, no account. Pre-colored 3MF files use one credit from a one-time pass bought on MakerWorld (from $12 for 6 downloads a year).",web,STL;3MF,true,false,false,2026-09-25,true
organizer-box-parametric-storage-bin,Organizer Box - Parametric Storage Bin,https://makerworld.com/en/models/103266-organizer-box-parametric-storage-bin,https://skipthecad.com/generators/organizer-box-parametric-storage-bin/,boxes,storage,free,Free; MakerWorld login needed; personal use only under the Standard Digital File License,makerworld,STL;3MF,false,true,false,2026-09-26,false
ostat-hose-adapter-generator,Ostat Hose & Pipe Adapter Generators,https://hose-adapter.ostat.com/,https://skipthecad.com/generators/ostat-hose-adapter-generator/,mechanical,,free,"Free, no account or sign-up needed; the script is GPL-3.0 open source",web;makerworld,STL,false,false,true,2026-09-26,false
osuushi-bearing-generator,Bearing Generator (osuushi),https://osuushi.github.io/bearing-generator/,https://skipthecad.com/generators/osuushi-bearing-generator/,mechanical,,free,Free and open source (MIT).,web,STL,false,false,true,2026-09-28,false
parametric-articulated-bracelet,Parametric Customizable Articulated Bracelet,https://makerworld.com/en/models/2790613-parametric-customizable-articulated-bracelet,https://skipthecad.com/generators/parametric-articulated-bracelet/,gifts,,free,Free to customize and download on MakerWorld; selling prints needs the designer's paid commercial license,makerworld,STL;3MF,false,true,false,2026-09-26,false
parametric-fidget-ring-maker,Custom Parametric Fidget Ring Maker,https://makerworld.com/en/models/3243553-custom-parametric-fidget-ring-maker,https://skipthecad.com/generators/parametric-fidget-ring-maker/,puzzles-games,gifts,free,Free with a MakerWorld login; the MakerWorld Exclusive License rules out selling prints or reposting the model on other sites,makerworld,STL;3MF,true,true,false,2026-09-26,false
parametric-grommet-generator,Parametric Grommet Generator,https://makerworld.com/en/models/1657835-parametric-grommet-generator,https://skipthecad.com/generators/parametric-grommet-generator/,mechanical,,free,Free; MakerWorld login needed to customize and download,makerworld,STL;3MF,false,true,true,2026-09-26,false
parametric-liner-pot-generator,Parametric Liner Pot Generator,https://makerworld.com/en/models/1623838-parametric-liner-pot-generator-for-your-plants,https://skipthecad.com/generators/parametric-liner-pot-generator/,vases-lamps,,free,Free to customize and download on MakerWorld,makerworld,STL;3MF,false,true,false,2026-09-25,false
parametric-name-keychain-av-studio,Customizable Parametric Name Keychain (Stampa 3D AV Studio),https://makerworld.com/en/models/1467612-customizable-parametric-name-keychain,https://skipthecad.com/generators/parametric-name-keychain-av-studio/,keychains,,free,"Free for personal printing (Standard Digital File License). Free files carry a small mark on the back; removing it to sell prints needs the designer's commercial license, $10/month for this model or $19.90/month for all their models",makerworld,3MF;STL,true,true,false,2026-09-26,false
parametric-name-keychain-creator,Parametric Customizable Name Keychain Creator,https://makerworld.com/en/models/1320280-parametric-customizable-name-keychain-creator,https://skipthecad.com/generators/parametric-name-keychain-creator/,keychains,,free,Free model on MakerWorld (Standard Digital File License - Community Use),makerworld,3MF;STL,true,true,false,2026-09-25,false
parametric-nut-caps-knobs-system,Parametric Nut Caps & Knobs System,https://makerworld.com/en/models/2760568-parametric-nut-caps-knobs-system-update,https://skipthecad.com/generators/parametric-nut-caps-knobs-system/,mechanical,,free,Free; MakerWorld login needed to generate and download. Selling prints needs the author's commercial license through a MakerWorld Club membership (no price shown).,makerworld,STL;3MF,false,true,false,2026-09-26,false
parametric-o-ring-generator-canale,Parametric O-Ring Generator (Canale),https://makerworld.com/en/models/2969056-parametric-o-ring-generator,https://skipthecad.com/generators/parametric-o-ring-generator-canale/,mechanical,,free,Free; MakerWorld login needed,makerworld,STL;3MF,false,true,false,2026-09-29,false
parametric-pcb-enclosure-generator,Parametric PCB Enclosure Generator,https://makerworld.com/en/models/3109619-parametric-pcb-enclosure-generator-openscad,https://skipthecad.com/generators/parametric-pcb-enclosure-generator/,boxes,mechanical,free,Free; MakerWorld login needed,makerworld,STL;3MF,false,true,false,2026-09-25,false
parametric-playing-card-box,Parametric Playing Card Box,https://makerworld.com/en/models/485563-parametric-playing-card-box,https://skipthecad.com/generators/parametric-playing-card-box/,boxes,puzzles-games,free,"Free with a MakerWorld login. Selling prints needs the designer's Patreon license: EUR 1 a month covers this model, EUR 10 a month covers most of his models",makerworld,STL;3MF,false,true,false,2026-09-26,false
parametric-qr-code-generator,Customizable Parametric QR Code Generator,https://makerworld.com/en/models/476280-customizable-parametric-qr-code-generator,https://skipthecad.com/generators/parametric-qr-code-generator/,codes,keychains,free,Free model on MakerWorld (Standard Digital File License),makerworld,3MF;STL,true,true,false,2026-09-25,false
parametric-removable-headrest-hook,Parametric Removable Headrest Hook,https://makerworld.com/en/models/2327297-parametric-removable-headrest-hook,https://skipthecad.com/generators/parametric-removable-headrest-hook/,mechanical,,free,Free; MakerWorld login needed to customize and download,makerworld,3MF;STL,false,true,false,2026-09-26,false
parametric-shelf-bracket,Any Size Parametric 90 Degree Shelf Bracket,https://makerworld.com/en/models/726914-any-size-parametric-90-degree-shelf-bracket,https://skipthecad.com/generators/parametric-shelf-bracket/,mechanical,,free,"Free; MakerWorld login needed to customize and download. CC BY-NC license, so no commercial use",makerworld,STL;3MF,false,true,false,2026-09-26,false
parametric-side-release-buckle,Parametric Side-Release Buckle 10-60mm,https://makerworld.com/en/models/3018896-parametric-side-release-buckle-10-60mm,https://skipthecad.com/generators/parametric-side-release-buckle/,mechanical,,free,Free; MakerWorld login needed to customize and download,makerworld,STL;3MF,false,true,false,2026-09-26,false
parametric-sorting-tray,Parametric Sorting Tray (Benjamin Kott),https://makerworld.com/en/models/476243-parametric-sorting-tray,https://skipthecad.com/generators/parametric-sorting-tray/,storage,,free,"Free to customize and download with a MakerWorld account; Standard Digital File License, so no selling prints or sharing the files",makerworld,STL;3MF,false,true,false,2026-09-26,false
parametric-spirograph-drawing-template,Parametric Spirograph Drawing Template,https://makerworld.com/en/models/513791-parametric-spirograph-drawing-template,https://skipthecad.com/generators/parametric-spirograph-drawing-template/,puzzles-games,,free,Free; MakerWorld login needed to customize and download,makerworld,3MF;STL,false,true,false,2026-09-26,false
parametric-woven-pot,Parametric Woven Pot,https://makerworld.com/en/models/2738051-parametric-woven-pot,https://skipthecad.com/generators/parametric-woven-pot/,vases-lamps,,free,Free to customize and download on MakerWorld,makerworld,STL;3MF,false,true,false,2026-09-25,false
paws-and-parts-chain-generator,Paws & Parts Print-in-Place Chain Generator,https://pp.adacat.dev/,https://skipthecad.com/generators/paws-and-parts-chain-generator/,mechanical,,free,"Free; no account, payment or paid tier seen",web,3MF;STEP,false,false,false,2026-09-26,false
pcb-forge,PCB Forge,https://castpixel.itch.io/pcb-forge,https://skipthecad.com/generators/pcb-forge/,mechanical,,free,"Free to use in the browser; the sample SVG download on itch.io is name-your-own-price, so paying is optional",web,STL,false,false,false,2026-09-26,false
pcb-tht-holder,PCB THT Holder,https://segmentcontroller.github.io/pcb-tht-holder/,https://skipthecad.com/generators/pcb-tht-holder/,mechanical,,free,Free and open source (MIT license); no account and no paid plan,web,STL,false,false,true,2026-09-26,false
pedram-3d-qr-code-generator,3D QR-Code Generator (Pedram Ramezani),https://www.pedramramezani.de/posts/qrcode3d/,https://skipthecad.com/generators/pedram-3d-qr-code-generator/,codes,,free,"Free, runs in the browser with no sign-up; no paid tier seen",web,STL,false,false,false,2026-09-26,false
pencil-slide-on-name,Customizable Parametric Pencil Slide-On Name,https://makerworld.com/en/models/2374615-customizable-parametric-pencil-slide-on-name,https://skipthecad.com/generators/pencil-slide-on-name/,signs-text,gifts,free,Free; MakerWorld login needed. Selling prints needs the designer's commercial license: $10/month for this model or $19.90/month for all of their models,makerworld,3MF;STL,true,true,false,2026-09-26,false
perplexing-labs-gridfinity-generator,Perplexing Labs Gridfinity Generator,https://gridfinity.perplexinglabs.com/,https://skipthecad.com/generators/perplexing-labs-gridfinity-generator/,storage,boxes,free,Free to generate and download; an optional paid service prints and ships finished parts (US only),web,STL,false,false,false,2026-09-25,false
personal-memory-card,Personal Memory Card (MakerLab),https://makerworld.com/en/makerlab/community/memory-card,https://skipthecad.com/generators/personal-memory-card/,gifts,,freemium,Free core tool; optional Custom SVG add-on $2.99,makerworld,3MF,true,true,false,2026-09-25,false
personalised-spinning-wheel,Personalised Spinning Wheel,https://makerworld.com/en/models/1297605-personalised-spinning-wheel-make-your-own-luck,https://skipthecad.com/generators/personalised-spinning-wheel/,puzzles-games,gifts,free,Free; a MakerWorld login is needed to customize and download,makerworld,3MF,false,true,false,2026-09-26,false
personalized-name-bookmark,Ultimate Personalized Name Bookmark,https://makerworld.com/en/models/2772230-ultimate-personalized-name-bookmark-customizable,https://skipthecad.com/generators/personalized-name-bookmark/,gifts,signs-text,free,Free on MakerWorld with a login; selling prints needs the designer's paid MakerWorld membership,makerworld,3MF;STL,true,true,false,2026-09-26,false
pet-tag-generator-dog-cat,Pet Tag Generator Dog Cat (Phone & Name),https://makerworld.com/en/models/485298-pet-tag-generator-dog-cat-customize-phone-name,https://skipthecad.com/generators/pet-tag-generator-dog-cat/,keychains,codes,free,"Free; a MakerWorld account is needed to customize and download. Standard Digital File License, so prints are for personal use only",makerworld,STL;3MF,true,true,false,2026-09-26,false
pettag-v2-pet-name-tag,PETTAG V.2 Parametric Pet Name Tag,https://makerworld.com/en/models/2901854-v-2-pettag-parametric-customizable-pet-name-tag,https://skipthecad.com/generators/pettag-v2-pet-name-tag/,keychains,,free,Free model on MakerWorld; the designer offers paid memberships for commercial use,makerworld,3MF;STL,true,true,false,2026-09-25,false
phorm,PHORM,https://phorm.to,https://skipthecad.com/generators/phorm/,ai-3d,gifts,freemium,"Free open beta with free generation credits after sign-in, no credit card; announced paid plans charge per model (Hobby about $0.75, Maker $0.63, Studio $0.60)",web,STL;3MF,false,true,false,2026-10-01,false
photo-frame-generator,Photo Frame Generator by WardCons,https://makerworld.com/en/models/1301183-photo-frame-generator,https://skipthecad.com/generators/photo-frame-generator/,gifts,,free,"Free; MakerWorld login needed. CC BY-SA 4.0 license, with the OpenSCAD files attached to the model",makerworld,3MF;STL,true,true,true,2026-09-26,false
pipefitter,PipeFitter,https://mankyd.github.io/pipefitter/,https://skipthecad.com/generators/pipefitter/,mechanical,,free,Free with no account; the author links an optional Buy Me a Coffee page,web,STL;3MF,false,false,true,2026-09-26,false
pixestl,PIXEstL,https://github.com/gaugo87/PIXEstL,https://skipthecad.com/generators/pixestl/,lithophanes,image-relief,free,Free and open source (MIT).,windows;mac;linux,STL;PNG,true,false,true,2026-09-28,false
plainmesh,PlainMesh,https://www.plainmesh.com/,https://skipthecad.com/generators/plainmesh/,customizers,lithophanes;keychains,freemium,Free Patreon membership gives 3 exports a day for personal use; Full Access costs €10 a month for unlimited exports and a commercial license,web,STL;3MF;OBJ;GLB;SVG,true,true,false,2026-09-26,false
plakhaus,PlakHäus,https://plakhaus.com/,https://skipthecad.com/generators/plakhaus/,image-relief,,freemium,"Free path in MakerLab with a MakerWorld account; optional Design Pack $19.90 and Fabrication Pack $9; the standalone plakhaus.com app is sold through its MakerWorld campaign, commercial licenses by email",web;windows;mac;linux;makerworld,STL;3MF,false,true,false,2026-09-25,false
plantxyz-pot-generator,PlantXYZ Pot Generator,https://www.plantxyz.com/,https://skipthecad.com/generators/plantxyz-pot-generator/,vases-lamps,gifts,paid,"Free to design and preview; downloading needs a time-limited license key: on Ko-fi pay what you want from £1 (1 day), £2 (3 days) or £3 (7 days), on Etsy from £1.99",web,3MF,false,false,false,2026-09-26,false
plastic-canvas-generator,Plastic Canvas Generator,https://makerworld.com/en/models/1728380-plastic-canvas-generator,https://skipthecad.com/generators/plastic-canvas-generator/,gifts,cookie-cutters,free,Free; MakerWorld login needed to customize and download,makerworld,STL;3MF,false,true,false,2026-09-26,false
pocketry,Pocketry,https://pocketry.xyz/,https://skipthecad.com/generators/pocketry/,storage,,free,"Free, no account needed; open source under AGPL-3.0",web,STL;3MF;SVG,true,false,true,2026-09-26,false
polaroid-frame-generator,Polaroid Frame Generator (MakerLab),https://makerworld.com/en/makerlab/community/polaroid-frame-studio,https://skipthecad.com/generators/polaroid-frame-generator/,gifts,,freemium,"Free core tool; optional one-time Premium Unlock, $5.99 list price",makerworld,3MF,false,true,false,2026-09-25,false
potgen,PotGen,https://potgen.io/,https://skipthecad.com/generators/potgen/,vases-lamps,,free,Free to use in the browser with no account; the creator accepts optional tips through Ko-fi,web,STL,false,false,false,2026-09-26,false
printastencil-pcb-stencil-generator,printastencil.com,https://printastencil.com/,https://skipthecad.com/generators/printastencil-pcb-stencil-generator/,mechanical,,free,Free with no account and no paid tier seen; the code is MIT-licensed open source,web,STL,false,false,true,2026-09-26,false
printed-business-card,Printed Business Card,https://printed-business-card.vercel.app,https://skipthecad.com/generators/printed-business-card/,signs-text,codes,free,Free and open source (MIT).,web,3MF;STL;PNG,true,false,true,2026-09-28,false
printflute,Print Flute,https://www.printflute.com/,https://skipthecad.com/generators/printflute/,puzzles-games,,free,"Free web app that runs in your browser; no account, paid tier or ads seen",web,STL;STEP,false,false,false,2026-09-26,false
printmakerai-screw-top-container,PrintMakerAI Screw-Top Container Generator,https://printmakerai.com/tools/screw-top-container,https://skipthecad.com/generators/printmakerai-screw-top-container/,boxes,storage,free,Free with no login or watermark; the wider PrintMakerAI editor has a free tier and paid plans from $15/month,web,STL,false,false,false,2026-09-26,false
printmakerai-snap-fit-enclosure,PrintMakerAI Snap-Fit Enclosure Generator,https://printmakerai.com/tools/snap-fit-enclosure,https://skipthecad.com/generators/printmakerai-snap-fit-enclosure/,boxes,,free,Free with no login or watermark. PrintMakerAI's separate AI design app has a free tier and paid plans from $15/month,web,STL,false,false,false,2026-09-26,false
printpal,PrintPal,https://printpal.io/,https://skipthecad.com/generators/printpal/,ai-3d,image-relief,freemium,"Free: 10 AI generations a month (STL, OBJ), no commercial rights; Pro $10/month for 200; Studio $25/month for 500; filament painter is free",web,STL;OBJ;GLB;PLY,true,true,false,2026-09-25,false
printpal-3d-map-builder,PrintPal 3D Map Builder,https://printpal.io/,https://skipthecad.com/generators/printpal-3d-map-builder/,maps-terrain,puzzles-games,paid,"Free to design in the browser; downloading the 3MF, OBJ or STL needs a PrintPal Pro ($10 a month) or Studio ($25 a month) subscription; the pricing page shows 20% off when billed yearly.",web,3MF;OBJ;STL,true,true,false,2026-09-26,false
printpal-3d-puzzle-maker,PrintPal 3D Puzzle Maker,https://printpal.io/,https://skipthecad.com/generators/printpal-3d-puzzle-maker/,puzzles-games,,free,"Free, needs a free PrintPal account.",web,STL,false,true,false,2026-09-25,false
printpal-3d-qr-code-generator,printpal 3D QR Code Generator,https://printpal.io/tools/qr-code-generator,https://skipthecad.com/generators/printpal-3d-qr-code-generator/,codes,signs-text;keychains,free,"Free with unlimited downloads and no watermark; a free printpal account is needed to download, no paid plan required",web,3MF;OBJ;STL,true,true,false,2026-09-26,false
printpal-3d-text-generator,printpal 3D Text Generator,https://printpal.io/,https://skipthecad.com/generators/printpal-3d-text-generator/,signs-text,keychains,free,"Text generator is free with no account, no watermark and unlimited downloads",web,STL,true,false,false,2026-09-25,false
printpal-brick-builder,PrintPal 3D Brick Builder,https://printpal.io/tools/brick-builder,https://skipthecad.com/generators/printpal-brick-builder/,puzzles-games,,free,"Free, but placing bricks and downloading need a free PrintPal account; the tool page promises no usage limits or watermarks",web,STL,false,true,false,2026-09-26,false
printpal-cad-agent,PrintPal CAD Agent,https://printpal.io/cad-agent,https://skipthecad.com/generators/printpal-cad-agent/,ai-3d,mechanical,freemium,"The editor, two starter templates (a parametric box and a phone stand) and all exports are free without an account. AI turns use credits: about $0.08 for a basic part, $0.40 for a detailed one and $0.40 to $0.80 for a complex design. Credit packs start at $10 for 1,000 credits and never expire, or the membership is $20 a month for 2,500 credits ($192 a year billed annually). No free AI allowance for the agent is listed.",web,STL;3MF;STEP,false,false,false,2026-09-26,false
printpal-filament-painter,PrintPal Filament Painter,https://printpal.io/,https://skipthecad.com/generators/printpal-filament-painter/,image-relief,,free,"Free with no sign-up, watermark or usage limit; PrintPal's paid plans cover its AI generator, not this tool",web,OBJ;STL,true,false,false,2026-09-26,false
printpal-lithophane-generator,PrintPal Lithophane Generator,https://printpal.io/tools/lithophane-generator,https://skipthecad.com/generators/printpal-lithophane-generator/,lithophanes,gifts,free,"Free with no signup, watermark or usage limit, according to the page's FAQ",web,STL,false,false,false,2026-09-26,false
printpal-minecraft-map-to-3d-print,PrintPal Minecraft Map to 3D Print,https://printpal.io/tools/minecraft-map-to-3d-print,https://skipthecad.com/generators/printpal-minecraft-map-to-3d-print/,maps-terrain,,paid,"Converting a world needs an active PrintPal plan: Pro at $10 a month ($96 billed yearly), Studio at $25 a month, or a CAD Agent plan, which is priced separately ($20 a month or pay-as-you-go credits). The page description calls the tool free, but its code blocks loading a world without one of these plans.",web,3MF;OBJ;STL,true,true,false,2026-09-26,false
printpal-name-sign-generator,printpal 3D Name Sign Generator,https://printpal.io/tools/name-sign-generator,https://skipthecad.com/generators/printpal-name-sign-generator/,signs-text,gifts,free,"Free with no account, no credits and no download limits",web,STL,true,false,false,2026-09-26,false
printpal-real-world-map-generator,PrintPal Real-World 3D Map Generator,https://printpal.io/,https://skipthecad.com/generators/printpal-real-world-map-generator/,maps-terrain,,paid,"Map browsing is free; generating and downloading needs a PrintPal subscription (Pro is $10 a month, or $96 billed yearly).",web,3MF;STL,true,true,false,2026-09-25,false
printpal-vase-generator,PrintPal Vase Generator,https://printpal.io/,https://skipthecad.com/generators/printpal-vase-generator/,vases-lamps,,free,"Free, no signup or limits",web,STL,false,false,false,2026-09-25,false
printytron,Printytron,https://printytron.com/,https://skipthecad.com/generators/printytron/,ai-3d,mechanical;signs-text,free,Free with no paid tier; the homepage calls it free for personal use. Without an account you get 5 prompts per model and 10 models a month; a free account raises that to 25 prompts and 50 models and unlocks OBJ and 3MF. A tip button supports the project.,web,STL;OBJ;3MF,true,false,false,2026-09-26,false
privqr-qr-to-stl,PrivQR QR Code to STL,https://privqr.com/3d,https://skipthecad.com/generators/privqr-qr-to-stl/,codes,signs-text,free,Free with no account; the site shows ads. The terms describe no paid tiers and the /pricing page returns 404,web,STL;SVG;PNG,false,false,false,2026-09-26,false
proled3d,PROLED3D,https://proled3d.com/,https://skipthecad.com/generators/proled3d/,signs-text,,freemium,"Free plan exports 4 of the 27 letter structures (the others can be previewed); Premium is USD 10/month and unlocks all structures, Neon Flex Gen 2 and tools such as Guillotine, nesting, the curve optimizer and PDF documentation",web,STL,false,true,false,2026-09-26,false
prompt2cad,Prompt2CAD,https://prompt2cad.com/,https://skipthecad.com/generators/prompt2cad/,ai-3d,mechanical;boxes,paid,"Free trial: up to 160 credits on Google sign-in (a new model is typically about 100, an update about 50), PNG export only. STL, 3MF and the other 3D exports unlock for good after your first top-up, from $10 for 1,000 credits; $25 or more adds 10 to 20% bonus credits. Credits expire after 3 months. No subscription.",web,STL;3MF;STEP;OBJ;GLB,false,true,false,2026-09-26,false
ptp-create-color-lithophane,PTP Create Color Lithophane Creator,https://www.ptpcreate.com/colorlithophane,https://skipthecad.com/generators/ptp-create-color-lithophane/,lithophanes,image-relief,free,"Free with no account or payment step on the page. The maker has announced a separate paid HueForge plugin, which was not released as of September 2026.",web,STL,true,false,false,2026-09-26,false
puzzle-maker-for-kids,Puzzle Maker For Kids (MakerWorld),https://makerworld.com/en/models/1020984-puzzle-maker-for-kids-names-letters-shapes,https://skipthecad.com/generators/puzzle-maker-for-kids/,puzzles-games,gifts,free,Free; a MakerWorld account is needed to open the customizer and download,makerworld,3MF,true,true,false,2026-09-26,false
qrcode2stl,QRCode2STL,https://qrcode2stl.printer.tools/,https://skipthecad.com/generators/qrcode2stl/,codes,keychains,free,"Free, no account; ad-supported, with an optional PayPal donation link",web,STL;PNG,true,false,true,2026-09-25,false
quickstl-3d-stencil-maker,QuickSTL 3D Stencil Maker,https://quickstl.app/,https://skipthecad.com/generators/quickstl-3d-stencil-maker/,signs-text,,free,"Free STL download, no sign-up or paid tier seen",web,STL,false,false,false,2026-09-25,false
quickstl-image-to-stl,QuickSTL Image to STL,https://quickstl.app/,https://skipthecad.com/generators/quickstl-image-to-stl/,image-relief,lithophanes;maps-terrain,free,"Free STL downloads with no sign-up; the site's FAQ says there is no paywall, subscription or watermark, and no paid tier was seen",web,STL,false,false,false,2026-09-26,false
razorglyon-cookie-cutter-designer,Cookie Cutter Designer,https://razorglyon.github.io/cookie-cutter-designer/,https://skipthecad.com/generators/razorglyon-cookie-cutter-designer/,cookie-cutters,,free,Free and open source (MIT).,web,STL;OBJ;3MF,false,false,true,2026-09-28,false
resorte,Resorte,https://javier.xyz/resorte,https://skipthecad.com/generators/resorte/,vases-lamps,,free,"Free, no account needed; open source under the BSD-3-Clause license",web,STL,false,false,true,2026-09-26,false
richardbt-dual-text-illusion-generator,3D Dual Text Illusion Generator (richardbt),https://richardbt.com/projects/3d-dual-text-illusion-generator,https://skipthecad.com/generators/richardbt-dual-text-illusion-generator/,signs-text,gifts,free,"Free, no sign-up; a personal side project with no paid tier",web,3MF,false,false,false,2026-09-26,false
roblox-cube-3d,Roblox Cube 3D,https://huggingface.co/spaces/Roblox/cube3d-interactive,https://skipthecad.com/generators/roblox-cube-3d/,ai-3d,,free,"Free demo on Hugging Face's shared ZeroGPU hardware; logged-out visitors get a limited number of runs, a free Hugging Face login adds more, and Hugging Face PRO ($9/month) gives 8x the daily quota",web,GLB,false,false,true,2026-09-26,false
sculptok,SculptOK,https://www.sculptok.com/,https://skipthecad.com/generators/sculptok/,image-relief,lithophanes;ai-3d,freemium,"100 free credits on sign-up (about 50 depth maps or 5 HD downloads) plus 10 credits per daily check-in that expire after 7 days. Plans: PRO $19, MASTER $35, ULTIMATE $75 a month, or $16, $30 and $63 a month billed yearly; one-time credit packs are also sold. STL and OBJ export in the Depth Map Editor (in beta as of September 2026) needs a membership.",web,STL;OBJ;GLB;PNG,false,true,false,2026-09-26,false
shap-e,Shap-E,https://huggingface.co/spaces/hysts/Shap-E,https://skipthecad.com/generators/shap-e/,ai-3d,,free,"Free on shared Hugging Face ZeroGPU hardware; visitors without an account get about 2 minutes of GPU time a day, a free account 5 minutes",web,GLB,false,false,true,2026-09-26,false
shapemaker,Shapemaker,https://somebox.github.io/shapemaker/,https://skipthecad.com/generators/shapemaker/,puzzles-games,vases-lamps,free,Free and open source (MIT).,web,STL;SVG,false,false,true,2026-09-28,false
shapiful,Shapiful,https://www.shapiful.com/3d-model/en/,https://skipthecad.com/generators/shapiful/,signs-text,codes;keychains,freemium,"Free account for short single-line labels with rough curves and limited fonts, STL only. Premium is $15/month (smooth curves, multiline text, still STL). Business is $59/month (3MF, AMF and other formats, batch download, API). Free and Premium are marked for personal use, Business for business use. Yearly billing saves 20 percent.",web,STL;3MF;AMF,false,true,false,2026-09-26,false
simple-display-stand-parametric,Simple Display Stand Parametric,https://makerworld.com/en/models/479988-simple-display-stand-parametric-fully-customizable,https://skipthecad.com/generators/simple-display-stand-parametric/,storage,gifts;image-relief,free,"Free on MakerWorld with a login; Standard Digital File License, so no selling prints or sharing the files",makerworld,3MF;STL,false,true,false,2026-09-26,false
skadis-parametric-bins-shelves,IKEA SKADIS Add-Ons: Parametric Bins and Shelves,https://makerworld.com/en/models/799571-ikea-skadis-add-ons-parametric-bins-and-shelves,https://skipthecad.com/generators/skadis-parametric-bins-shelves/,storage,,free,Free; MakerWorld login needed,makerworld,STL;3MF,false,true,false,2026-09-26,false
skadis-pegboard-generator,Fully Customisable Skadis Pegboard Generator,https://makerworld.com/en/models/2152358-fully-customisable-skadis-pegboard-generator,https://skipthecad.com/generators/skadis-pegboard-generator/,storage,,free,Free; MakerWorld login needed,makerworld,STL;3MF,false,true,false,2026-09-25,false
skapa-skadis-generator,SKÅPA,https://skapa.build/,https://skipthecad.com/generators/skapa-skadis-generator/,storage,boxes,free,Free. The author calls it a non-commercial passion project; there is no paid tier and no ads on the page.,web,3MF,false,false,false,2026-09-26,false
skraedda-pegboard-generator,Skrädda Pegboard Generator,https://skraedda.torminal.com/,https://skipthecad.com/generators/skraedda-pegboard-generator/,storage,,free,"Free, no account, no paid tier seen",web,STL,false,false,false,2026-09-26,false
sloyd,Sloyd,https://app.sloyd.ai/,https://skipthecad.com/generators/sloyd/,ai-3d,customizers,freemium,"Free Guest plan: 1 AI generation a day and template edits to preview, personal use only, 3D downloads limited to community models; Plus $15/month or $12.50/month billed yearly; Pro $50/month",web,STL;OBJ;GLB;FBX,false,true,false,2026-09-25,false
smartphone-case-generator,Universal Smartphone Case Generator,https://makerworld.com/en/models/2329228-smartphone-case-generator-universal-every-phone,https://skipthecad.com/generators/smartphone-case-generator/,boxes,mechanical,free,Free; MakerWorld login needed. Selling cases requires the creator's paid commercial membership (price not shown on the model page),makerworld,STL;3MF,false,true,false,2026-09-26,false
snap-click-parametric-photo-frame,Snap-Click Parametric Photo Frame,https://makerworld.com/en/models/1364753-snap-click-parametric-photo-frame-modern-classic,https://skipthecad.com/generators/snap-click-parametric-photo-frame/,gifts,,free,"Free; MakerWorld login needed. Standard Digital File License, so selling prints needs the designer's commercial license",makerworld,STL;3MF,false,true,false,2026-09-26,false
snapframes,SnapFrames,https://www.snapframes.app/,https://skipthecad.com/generators/snapframes/,gifts,,freemium,"Free design and preview; downloads on snapframes.app need a plan: $9/month (non-commercial), Lifetime $99 once (shown at a $45 founding price while the MakerWorld late pledge was open in September 2026) or Commercial $120/year. SnapFrames Lite on MakerLab is free and unlimited",web;makerworld,STL;3MF;OBJ,true,true,false,2026-09-26,false
song-card-generator,Song Card Generator (MakerLab),https://makerworld.com/en/makerlab/community/song-card-generator,https://skipthecad.com/generators/song-card-generator/,gifts,,freemium,"Free base card; one-time add-ons: Magnet Back $1.99, Photo Relief $3.99",makerworld,3MF,true,true,false,2026-09-25,false
soundtag,Soundtag,https://soundtag.adatepe.dev,https://skipthecad.com/generators/soundtag/,codes,keychains;gifts,free,Free and open source (MIT).,web,3MF;STL;SVG,true,false,true,2026-09-28,false
spacerless-gridfinity-bin-generator,Spacerless Gridfinity Bin Generator,https://makerworld.com/en/models/2230410-spacerless-gridfinity-bin-generator,https://skipthecad.com/generators/spacerless-gridfinity-bin-generator/,storage,,free,Free; MakerWorld login needed,makerworld,STL;3MF,false,true,false,2026-09-25,false
square-tube-end-cap-generator,Custom End Cap Generator for Square/Rectangle Tube,https://makerworld.com/en/models/2403308-custom-end-cap-generator-for-square-rectangle-tube,https://skipthecad.com/generators/square-tube-end-cap-generator/,mechanical,,free,"Free; MakerWorld login needed. Standard Digital File License, personal use only",makerworld,3MF,false,true,false,2026-09-26,false
srwi-keycap-generator,Keycap Generator (srwi),https://srwi.github.io/keycap_generator/,https://skipthecad.com/generators/srwi-keycap-generator/,mechanical,,free,Free with no paid tier seen; the author accepts donations through Ko-fi and PayPal,web,3MF,true,false,false,2026-09-26,false
stable-fast-3d,Stable Fast 3D,https://github.com/Stability-AI/stable-fast-3d,https://skipthecad.com/generators/stable-fast-3d/,ai-3d,,free,Free demo on shared Hugging Face GPUs; model released under the Stability AI Community License,web,GLB,false,false,true,2026-09-25,false
stamp3d,Stamp3D,https://stamp3d.com/,https://skipthecad.com/generators/stamp3d/,cookie-cutters,signs-text,free,Free with no account; the site is funded by Amazon affiliate links and an optional Venmo tip,web,STL;SVG,false,false,false,2026-09-26,false
stenchill,Stenchill,https://www.stenchill.com/en/,https://skipthecad.com/generators/stenchill/,mechanical,,free,Free with no account; the site asks for optional Ko-fi or PayPal donations,web,STL;3MF,false,false,false,2026-09-26,false
stl-buddy,STL Buddy,https://stlbuddy.com/,https://skipthecad.com/generators/stl-buddy/,customizers,gifts;ai-3d,freemium,"Designing is free and 15 tools (12 of them 3D generators) download free. Other tools need a membership (Tinkerer $10, Maker $20 or Inventor $32 a month, 14-day card trial) or one-time credits (40 for $10, 100 for $20; 5 to 10 credits per download). Image to STL uses separate generation credits, with 10 free on sign-up.",web,STL;3MF,true,false,false,2026-09-26,false
stl-playground,STL Playground,https://stlplayground.com/,https://skipthecad.com/generators/stl-playground/,customizers,signs-text;storage,freemium,"Free account with 100 credits a month, spent only on downloads, personal use only. Pro $9.99/month (600 credits) and Elite $24.99/month (2,000 credits) add a license to sell printed models. One-time credit packs from $4.99 for 200 credits.",web,STL;3MF;OBJ,true,true,false,2026-09-26,false
stlgears,STLGears,https://stlgears.com/,https://skipthecad.com/generators/stlgears/,mechanical,,free,"Free, optional Ko-fi donations",web,STL,false,false,false,2026-09-25,false
stlmaps,STLmaps,https://cioddi.github.io/stlmaps-wasm/,https://skipthecad.com/generators/stlmaps/,maps-terrain,,free,"Free, no account and no paid tier seen. It runs in the browser from GitHub Pages.",web,STL;3MF;OBJ;GLB,true,false,false,2026-09-26,false
svg-2-stl,SVG 2 STL,https://svg2stl.com/,https://skipthecad.com/generators/svg-2-stl/,image-relief,signs-text,free,Free,web,STL,false,false,false,2026-09-25,false
svg2solid,svg2solid,https://svg2solid.rknt.de/,https://skipthecad.com/generators/svg2solid/,image-relief,signs-text,free,"Free, no account, runs in the browser; open source under the MIT license",web,STL,true,false,true,2026-09-26,false
sweeping-2-line-name-plate,Sweeping 2-Line Name Plate,https://makerworld.com/en/models/436531-sweeping-2-line-name-plate-customizable,https://skipthecad.com/generators/sweeping-2-line-name-plate/,signs-text,gifts,free,Free model on MakerWorld; licensed CC BY-NC-SA (non-commercial),makerworld,3MF;STL,false,true,false,2026-09-26,false
tabletop-bling-movement-tray-generator,Tabletop Bling Movement Tray Generator,https://tabletopbling.eu/movement-trays,https://skipthecad.com/generators/tabletop-bling-movement-tray-generator/,puzzles-games,,freemium,"The standard ranked tray is free with no account. One paid Patreon tier at $4 a month unlocks the other tray layouts, converter bases, magnet holes, bottom options and add-on slots.",web,STL,false,false,false,2026-09-26,false
tagify3d,Tagify3D,https://tagify3d.com/,https://skipthecad.com/generators/tagify3d/,signs-text,keychains,free,Free and open source (MIT).,web,STL,true,false,true,2026-09-28,false
techdrawai-text-to-stl,TechDraw AI Text to STL,https://techdrawai.com/text-to-stl,https://skipthecad.com/generators/techdrawai-text-to-stl/,signs-text,keychains,free,"Free with no account, size limit or watermark; the page says this tool has no paid tier",web,STL;3MF;OBJ,false,false,false,2026-09-26,false
technic-part-designer,Part Designer (LEGO Technic-compatible parts),https://marian42.de/partdesigner/,https://skipthecad.com/generators/technic-part-designer/,puzzles-games,mechanical,free,"Free, no account needed; open source under the MIT license",web,STL,false,false,true,2026-09-26,false
tencent-hunyuan3d,Tencent Hunyuan3D,https://hy3d.tencent.ai/,https://skipthecad.com/generators/tencent-hunyuan3d/,ai-3d,,free,"Free daily generation allowance for signed-in users, with extra chances for invites; free open-source demos on Hugging Face",web,STL;OBJ;GLB;FBX;USDZ,false,true,true,2026-09-25,false
terrain-6,Terrain 6,https://terrain6.com/,https://skipthecad.com/generators/terrain-6/,maps-terrain,puzzles-games,freemium,"Free tier plus Premium (15 puzzles a year, satellite color, engraved bases, multi-plate prints), Pro (unlimited generations) and a Commercial plan that allows selling printed puzzles. Check the site for current prices",web,3MF,true,true,false,2026-09-28,false
terrain-tinker,Terrain Tinker,https://www.terraintinker.com/,https://skipthecad.com/generators/terrain-tinker/,puzzles-games,,paid,"One-time purchase of $55 USD for the editor with 111 OpenLOCK models and unlimited exports. A free trial account includes 104 models and 2 STL exports, but no GLB or PNG export. Add-on model packs in the store cost $15 to $120 each. Refunds within 14 days on a fair-use basis. Selling prints needs a separate commercial license, bought by contacting them (no price listed).",web,STL;GLB;PNG,false,true,false,2026-09-26,false
terrain2stl,Terrain2STL,https://jthatch.com/Terrain2STL/,https://skipthecad.com/generators/terrain2stl/,maps-terrain,,free,Free to use; donations welcome.,web,STL,false,false,true,2026-09-25,false
terraprinter,TerraPrinter,https://terraprinter.com/,https://skipthecad.com/generators/terraprinter/,maps-terrain,puzzles-games,free,"Free, no paywalled exports; donations via Buy Me a Coffee.",web,STL;3MF;OBJ;GLB,true,false,false,2026-09-25,false
text2stl,Text2STL,https://text2stl.mestres.fr/en-us,https://skipthecad.com/generators/text2stl/,signs-text,,free,"Free, no paid tier; a hobby project by its developer",web,STL;OBJ,false,false,false,2026-09-25,false
text3d-maker,Text3D Maker,https://text3dmaker.com/,https://skipthecad.com/generators/text3d-maker/,signs-text,keychains,freemium,Free: 3 fonts and 2 downloads with a Google sign-in; PRO is a one-time EUR 4.99 for 90 fonts and unlimited downloads,web,STL;3MF,true,true,false,2026-09-25,false
texttango-dual-letter-illusion,TextTango: Dual Letter Illusion,https://dual-letter-illusion.streamlit.app/,https://skipthecad.com/generators/texttango-dual-letter-illusion/,signs-text,gifts,free,"Free, no sign-up; the author links an optional PayPal donation",web;windows;mac,STL;STEP,false,false,true,2026-09-26,false
the-terrainator,The Terrainator,https://terrainator.com/,https://skipthecad.com/generators/the-terrainator/,maps-terrain,,paid,Free preview; each model costs 5 GBP via PayPal.,web,STL,false,true,false,2026-09-25,false
thingiverse-customizer,Thingiverse Customizer,https://www.thingiverse.com/customizer,https://skipthecad.com/generators/thingiverse-customizer/,customizers,,free,Free with a Thingiverse account.,web;thingiverse,STL,false,true,false,2026-09-25,false
threaded-lid-generator,Threaded Lid Generator,https://makerworld.com/en/models/2361460-threaded-lid-generator,https://skipthecad.com/generators/threaded-lid-generator/,mechanical,,free,Free; MakerWorld login needed,makerworld,STL;3MF,false,true,false,2026-09-25,false
threedee-nova-bust-maker,ThreeDee Nova 3D Bust Maker,https://www.threedee.design/products/3d-bust-maker/,https://skipthecad.com/generators/threedee-nova-bust-maker/,ai-3d,gifts,paid,"No free option on the pricing table: Hobby $3 for 3 credits, Enthusiast $9 for 10 credits, Pro $20 for 20 credits (the page has shown Pro discounted to $15). One credit makes one model, so about $0.90 to $1 per bust at regular prices. The page does not say whether plans are one-off packs or recurring, and the FAQ's mention of a free plan for text-prompt models is not reflected in the table.",web,STL;GLB,false,true,false,2026-09-26,false
titancraft,TitanCraft,https://titancraft.com/,https://skipthecad.com/generators/titancraft/,puzzles-games,,freemium,"Free to design, and a character made only of free parts downloads for $0 with a free account. Paid parts unlock one by one (the Aboleth's parts cost $0.75 to $1.25 each) or in asset packs from $7 to $60, with bundles up to $455; a $10 one-time download covers a complex kitbashed character without unlocking its parts. Resin prints start at $15, and a merchant license for selling prints starts at $99 for 90 days.",web,STL,false,true,false,2026-09-26,false
tooltrace,Tooltrace,https://www.tooltrace.ai/,https://skipthecad.com/generators/tooltrace/,storage,,freemium,Free plan with 3 active traces; Pro $8/month,web,STL;3MF;STEP;SVG,false,true,false,2026-09-25,false
top-secret-message-spinning-top,Top Secret Spinning Top,https://makerworld.com/en/models/1849119-top-secret-puzzle-of-light-science-toy,https://skipthecad.com/generators/top-secret-message-spinning-top/,gifts,puzzles-games,free,"Free to print for yourself or as a gift. Customize needs a free MakerWorld account, and selling prints needs the designer's paid tier 1 or higher commercial membership. The optional LED and magnet are bought separately.",makerworld,STL;3MF,false,true,false,2026-09-26,false
topotile-studio,TopoTile Studio,https://github.com/Wenshuishi0528/topotile-studio,https://skipthecad.com/generators/topotile-studio/,maps-terrain,,free,Free for non-commercial use (CC BY-NC-SA 4.0).,windows;mac;linux,3MF;STL;GLB,true,false,false,2026-09-28,false
topotrail,TopoTrail,https://topotrail.com/,https://skipthecad.com/generators/topotrail/,maps-terrain,gifts,free,Free with no account. The site describes itself as non-commercial and shows an optional Buy Me a Coffee tip button.,web,OBJ,true,false,false,2026-09-26,false
touch-mapper,Touch Mapper,https://touch-mapper.org/en/,https://skipthecad.com/generators/touch-mapper/,maps-terrain,,free,Free to download and print yourself; printed maps can be ordered from about 29 EUR/USD.,web,STL,false,false,true,2026-09-25,false
touchterrain,TouchTerrain,https://touchterrain.geol.iastate.edu/,https://skipthecad.com/generators/touchterrain/,maps-terrain,,free,Free web app.,web,STL;OBJ,false,false,true,2026-09-25,false
tracemate,Tracemate,https://tracematehq.com/,https://skipthecad.com/generators/tracemate/,storage,,freemium,"Free editor with up to 3 projects, and every account starts with 3 STL downloads. Starter pack €9 for 10 downloads (valid 12 months), or Pro at €5/month (10 downloads a month) or €50/year (120 up front). Re-downloads after edits are free, and the baseplate and plain bin generators are free.",web,STL,false,true,false,2026-09-26,false
tracetoforge,TracetoForge,https://tracetoforge.com/,https://skipthecad.com/generators/tracetoforge/,storage,,freemium,"Tracing and 3D preview are free without an account; each export costs one credit. New accounts get 3 free credits, then 20 credits for $9.99 or 100 for $34.99, and credits do not expire",web,STL;3MF;SVG,false,true,false,2026-09-26,false
traygen,TrayGen,https://www.traygen.ai/,https://skipthecad.com/generators/traygen/,storage,,free,"Free with no account; no pricing page, paid plan or payment option found",web,STL,false,false,false,2026-09-26,false
trellis-2,Microsoft TRELLIS.2,https://github.com/microsoft/TRELLIS.2,https://skipthecad.com/generators/trellis-2/,ai-3d,,free,Free demo on shared Hugging Face GPUs with usage quotas; code is MIT licensed,web,GLB,false,false,true,2026-09-25,false
trinckle-follow-focus-gear,Follow Focus Gear Customizer by trinckle,https://hosted.trinckle.com/follow-focus-gear/,https://skipthecad.com/generators/trinckle-follow-focus-gear/,mechanical,,free,"Free to use and download, no account; the page shows no prices or paid options",web,STL,false,false,false,2026-09-26,false
tripo-3d-relief-generator,Tripo AI 3D Relief Generator,https://www.tripo3d.ai/3d-relief-generator,https://skipthecad.com/generators/tripo-3d-relief-generator/,image-relief,gifts,free,Free; the page FAQ says basic generation needs no account and exports carry no watermark. It does not say where the limits of basic use are.,web,STL;OBJ;PNG,false,false,false,2026-09-26,false
tripo-ai,Tripo AI,https://www.tripo3d.ai/,https://skipthecad.com/generators/tripo-ai/,ai-3d,,freemium,"Free plan: 200 credits a month (about 13 models, 15 exports), public and non-commercial; Pro $20/month with 3,000 credits",web,STL;3MF;OBJ;GLB;FBX,false,true,false,2026-09-25,false
triposg,TripoSG,https://huggingface.co/spaces/VAST-AI/TripoSG,https://skipthecad.com/generators/triposg/,ai-3d,,free,"Free demo on shared Hugging Face ZeroGPU hardware: 2 minutes of GPU time a day without an account, 5 with a free one; code and weights MIT licensed",web,GLB,false,false,true,2026-09-26,false
trophy-mini-base-generator,Base for Mini or Trophies - Customizable,https://makerworld.com/en/models/1062978-base-for-mini-or-trophies-customizable,https://skipthecad.com/generators/trophy-mini-base-generator/,gifts,signs-text,free,"Free; a MakerWorld login is needed to download. Standard Digital File License, so no selling prints or sharing the files",makerworld,STL;3MF,false,true,false,2026-09-26,false
turbo-whistle-siren,Turbo Whistle Siren,https://makerworld.com/en/models/549187-turbo-whistle-siren,https://skipthecad.com/generators/turbo-whistle-siren/,puzzles-games,,free,"Free; MakerWorld login needed to customize and download. Standard Digital File License, so selling files or prints is not allowed",makerworld,STL;3MF,false,true,false,2026-09-26,false
ultimate-filament-sample-box,Ultimate Sample Box (Filament Swatch Box),https://makerworld.com/en/models/505421-ultimate-sample-box-customize-filament-swatch-box,https://skipthecad.com/generators/ultimate-filament-sample-box/,boxes,storage,free,Free. A MakerWorld account is needed to open the customizer and to download files.,makerworld,STL;3MF,false,true,false,2026-09-26,false
ultimate-funnel-generator,The Ultimate Funnel Generator,https://makerworld.com/en/models/1132376-the-ultimate-funnel-generator-sample-funnel,https://skipthecad.com/generators/ultimate-funnel-generator/,mechanical,,free,Free; MakerWorld login needed to customize and download,makerworld,STL;3MF,false,true,false,2026-09-26,false
ultimate-gear-parametric-generator,Ultimate Gear Parametric Generator (ZJUN_3D),https://makerworld.com/en/models/2149067-ultimate-gear-parametric-generator,https://skipthecad.com/generators/ultimate-gear-parametric-generator/,mechanical,,free,Free; MakerWorld login needed to customize and download. The creator also sells a separate MakerWorld membership for the Transmission System Series.,makerworld,STL;3MF,false,true,false,2026-09-26,false
ultimate-gridfinity-drawer-configurator,Ultimate Gridfinity Drawer Configurator,https://makerworld.com/en/models/2737065-ultimate-gridfinity-drawer-configurator,https://skipthecad.com/generators/ultimate-gridfinity-drawer-configurator/,storage,,free,Free; MakerWorld login needed,makerworld,STL;3MF,false,true,false,2026-09-25,false
ultimate-multi-keychain-generator,Ultimate Multi-Keychain Generator,https://makerworld.com/en/models/2811814-ultimate-multi-keychain-generator,https://skipthecad.com/generators/ultimate-multi-keychain-generator/,keychains,gifts,free,"Free for personal printing under MakerWorld's Standard Digital File License. Selling prints needs the creator's commercial license, sold as a MakerWorld membership or as a Patreon tier at €7/month",makerworld,3MF;STL,true,true,false,2026-09-26,false
ultimate-parametric-drawer-organizer,The Ultimate Parametric Drawer Organizer System,https://makerworld.com/en/models/2098816-the-ultimate-parametric-drawer-organizer-system,https://skipthecad.com/generators/ultimate-parametric-drawer-organizer/,storage,,free,Free for personal use; MakerWorld login needed; commercial licenses from $13/month,makerworld,STL;3MF,false,true,false,2026-09-25,false
under-desk-cable-clip,Under Desk Cable Clip,https://makerworld.com/en/models/477318-under-desk-cable-clip-cable-management,https://skipthecad.com/generators/under-desk-cable-clip/,storage,mechanical,free,Free with a MakerWorld account. Selling prints needs the commercial license in the designer's MakerWorld membership; no price seen,makerworld,3MF;STL,false,true,false,2026-09-26,false
underware-2-cable-management-customizer,Underware 2.0 Cable Management Customizer,https://makerworld.com/en/models/783010-underware-2-0-infinite-cable-management,https://skipthecad.com/generators/underware-2-cable-management-customizer/,storage,mechanical,free,Free; MakerWorld login needed,makerworld,STL;3MF,true,true,false,2026-09-26,false
vacuum-nozzle-generator,Vacuum Nozzle - Round or Flat Tip (John_M),https://makerworld.com/en/models/2488033-vacuum-nozzle-round-or-flat-tip-customizable,https://skipthecad.com/generators/vacuum-nozzle-generator/,mechanical,,free,Free; MakerWorld login needed,makerworld,STL;3MF,false,true,false,2026-09-26,false
vase-creator,Vase Creator,https://vasecreator.com/,https://skipthecad.com/generators/vase-creator/,vases-lamps,,free,"Free, no account and no paid plan seen. The source code is public on GitHub under GPL-3.0.",web,OBJ,false,false,true,2026-09-26,false
vasemorph,VaseMorph,https://vasemorph.com/,https://skipthecad.com/generators/vasemorph/,vases-lamps,,free,"Free to use and download, no account, paid plan or donation link seen",web,STL;OBJ,false,false,false,2026-09-26,false
ventforge-parametric-vents,"VentForge - Parametric Vents, Covers & Diffusers",https://makerworld.com/en/models/2955666-ventforge-parametric-vents-covers-diffusers,https://skipthecad.com/generators/ventforge-parametric-vents/,mechanical,,free,Free; MakerWorld login needed,makerworld,3MF;STL,true,true,false,2026-09-26,false
vextrude-3d-qr-code-generator,Vextrude 3D QR Code Generator,https://vextrude.com/,https://skipthecad.com/generators/vextrude-3d-qr-code-generator/,codes,,free,"Free, no sign-up; commercial use allowed",web,STL;3MF;OBJ;GLB;SVG;PNG,true,false,false,2026-09-25,false
vextrude-3d-text-generator,Vextrude 3D Text Generator,https://vextrude.com/,https://skipthecad.com/generators/vextrude-3d-text-generator/,signs-text,,free,"Free, no account; site says you own the models and may use them commercially",web,STL;3MF;OBJ;GLB;PLY;PNG,false,false,false,2026-09-25,false
vextrude-lithophane-maker,Vextrude Lithophane Maker,https://vextrude.com/lithophane-maker,https://skipthecad.com/generators/vextrude-lithophane-maker/,lithophanes,vases-lamps,free,"Free, no sign-up; the site is supported by ads and donations",web,STL,false,false,false,2026-09-26,false
voice2stl,Voice2STL,https://voice2stl.com/,https://skipthecad.com/generators/voice2stl/,gifts,,free,Free with no account; optional donations through Buy Me a Coffee,web,STL,false,false,false,2026-09-26,false
voronator,Voronator,https://www.voronator.com/,https://skipthecad.com/generators/voronator/,vases-lamps,,free,Free and supported by Google AdSense ads; the donate page asks for optional PayPal donations and says the service will stay free,web,STL;PLY,false,false,false,2026-09-26,false
wave-parametric-device-stand,Wave - Parametric Device Stand (1-4 Slots),https://makerworld.com/en/models/3057744-wave-parametric-device-stand-1-4-slots,https://skipthecad.com/generators/wave-parametric-device-stand/,storage,,free,Free; MakerWorld login needed. Selling prints needs the designer's paid commercial membership,makerworld,3MF,false,true,false,2026-09-26,false
weaving-frame-loom-generator,Weaving Frame Loom Generator,https://makerworld.com/en/models/1907796-weaving-frame-loom-generator,https://skipthecad.com/generators/weaving-frame-loom-generator/,gifts,,free,Free; MakerWorld login needed to customize and download,makerworld,STL;3MF,false,true,false,2026-09-26,false
wordcad,WordCAD,https://wordcad.com/,https://skipthecad.com/generators/wordcad/,signs-text,keychains,free,"Free for any use with no account; designs are CC BY 4.0, so you must credit WordCAD.com when you share or sell them",web,3MF;STL,true,false,false,2026-09-26,false
your-ideal-planter,Your Ideal Planter: Customizable Size,https://makerworld.com/en/models/2172464-your-ideal-planter-customizable-size,https://skipthecad.com/generators/your-ideal-planter/,vases-lamps,,free,Free to customize and download on MakerWorld,makerworld,STL;3MF,false,true,false,2026-09-25,false
zjun3d,ZJUN3D,https://zjun3d.com/,https://skipthecad.com/generators/zjun3d/,mechanical,storage,free,"Free as of September 2026, while the site was in public testing: 20 credits at signup and 20 more per daily check-in. STL or 3MF export costs 1 credit, STEP costs 5 and an AI assistant request costs 1. Online payment is not connected; commercial licensing is by email.",web,STL;3MF;STEP,false,true,false,2026-09-26,false
zoo-zookeeper,Zookeeper (Zoo Text-to-CAD),https://zoo.dev/zookeeper,https://skipthecad.com/generators/zoo-zookeeper/,ai-3d,mechanical,freemium,Free plan with 20 minutes of Zookeeper reasoning time per month ($10 of included usage); Plus is $20/month with 402 minutes; Pro is $99/month with unlimited Zookeeper use inside Zoo Design Studio. Optional pay-as-you-go at $0.0083 per second is off by default.,web;windows;mac;linux,STL;STEP;OBJ;GLB;PLY,false,true,false,2026-09-26,false
